image_id,image_path,mask_path,image_size,mask_size,size_matches,unique_mask_values,wrinkle_pixels,total_pixels,wrinkle_area_ratio
00001,C:\Users\student\ffhq-wrinkle-dataset\data\images1024x1024\00000\00001.png,C:\Users\student\ffhq-wrinkle-dataset\data\manual_wrinkle_masks\00001.png,"(1024, 1024)","(1024, 1024)",True,"[0, 255]",12557,1048576,0.011975288391113281
00011,C:\Users\student\ffhq-wrinkle-dataset\data\images1024x1024\00000\00011.png,C:\Users\student\ffhq-wrinkle-dataset\data\manual_wrinkle_masks\00011.png,"(1024, 1024)","(1024, 1024)",True,"[0, 255]",9395,1048576,0.008959770202636719
00016,C:\Users\student\ffhq-wrinkle-dataset\data\images1024x1024\00000\00016.png,C:\Users\student\ffhq-wrinkle-dataset\data\manual_wrinkle_masks\00016.png,"(1024, 1024)","(1024, 1024)",True,"[0, 255]",8567,1048576,0.008170127868652344
00017,C:\Users\student\ffhq-wrinkle-dataset\data\images1024x1024\00000\00017.png,C:\Users\student\ffhq-wrinkle-dataset\data\manual_wrinkle_masks\00017.png,"(1024, 1024)","(1024, 1024)",True,"[0, 255]",5619,1048576,0.005358695983886719
00018,C:\Users\student\ffhq-wrinkle-dataset\data\images1024x1024\00000\00018.png,C:\Users\student\ffhq-wrinkle-dataset\data\manual_wrinkle_masks\00018.png,"(1024, 1024)","(1024, 1024)",True,"[0, 255]",5579,1048576,0.005320549011230469
00021,C:\Users\student\ffhq-wrinkle-dataset\data\images1024x1024\00000\00021.png,C:\Users\student\ffhq-wrinkle-dataset\data\manual_wrinkle_masks\00021.png,"(1024, 1024)","(1024, 1024)",True,"[0, 255]",9656,1048576,0.00920867919921875
00027,C:\Users\student\ffhq-wrinkle-dataset\data\images1024x1024\00000\00027.png,C:\Users\student\ffhq-wrinkle-dataset\data\manual_wrinkle_masks\00027.png,"(1024, 1024)","(1024, 1024)",True,"[0, 255]",4358,1048576,0.0041561126708984375
00036,C:\Users\student\ffhq-wrinkle-dataset\data\images1024x1024\00000\00036.png,C:\Users\student\ffhq-wrinkle-dataset\data\manual_wrinkle_masks\00036.png,"(1024, 1024)","(1024, 1024)",True,"[0, 255]",4358,1048576,0.0041561126708984375
00040,C:\Users\student\ffhq-wrinkle-dataset\data\images1024x1024\00000\00040.png,C:\Users\student\ffhq-wrinkle-dataset\data\manual_wrinkle_masks\00040.png,"(1024, 1024)","(1024, 1024)",True,"[0, 255]",4249,1048576,0.004052162170410156
00045,C:\Users\student\ffhq-wrinkle-dataset\data\images1024x1024\00000\00045.png,C:\Users\student\ffhq-wrinkle-dataset\data\manual_wrinkle_masks\00045.png,"(1024, 1024)","(1024, 1024)",True,"[0, 255]",6728,1048576,0.00641632080078125
00048,C:\Users\student\ffhq-wrinkle-dataset\data\images1024x1024\00000\00048.png,C:\Users\student\ffhq-wrinkle-dataset\data\manual_wrinkle_masks\00048.png,"(1024, 1024)","(1024, 1024)",True,"[0, 255]",5770,1048576,0.0055027008056640625
00056,C:\Users\student\ffhq-wrinkle-dataset\data\images1024x1024\00000\00056.png,C:\Users\student\ffhq-wrinkle-dataset\data\manual_wrinkle_masks\00056.png,"(1024, 1024)","(1024, 1024)",True,"[0, 255]",5015,1048576,0.004782676696777344
00062,C:\Users\student\ffhq-wrinkle-dataset\data\images1024x1024\00000\00062.png,C:\Users\student\ffhq-wrinkle-dataset\data\manual_wrinkle_masks\00062.png,"(1024, 1024)","(1024, 1024)",True,"[0, 255]",13199,1048576,0.012587547302246094
00065,C:\Users\student\ffhq-wrinkle-dataset\data\images1024x1024\00000\00065.png,C:\Users\student\ffhq-wrinkle-dataset\data\manual_wrinkle_masks\00065.png,"(1024, 1024)","(1024, 1024)",True,"[0, 255]",9389,1048576,0.008954048156738281
00074,C:\Users\student\ffhq-wrinkle-dataset\data\images1024x1024\00000\00074.png,C:\Users\student\ffhq-wrinkle-dataset\data\manual_wrinkle_masks\00074.png,"(1024, 1024)","(1024, 1024)",True,"[0, 255]",6992,1048576,0.0066680908203125
00094,C:\Users\student\ffhq-wrinkle-dataset\data\images1024x1024\00000\00094.png,C:\Users\student\ffhq-wrinkle-dataset\data\manual_wrinkle_masks\00094.png,"(1024, 1024)","(1024, 1024)",True,"[0, 255]",3748,1048576,0.003574371337890625
00113,C:\Users\student\ffhq-wrinkle-dataset\data\images1024x1024\00000\00113.png,C:\Users\student\ffhq-wrinkle-dataset\data\manual_wrinkle_masks\00113.png,"(1024, 1024)","(1024, 1024)",True,"[0, 255]",3727,1048576,0.0035543441772460938
00114,C:\Users\student\ffhq-wrinkle-dataset\data\images1024x1024\00000\00114.png,C:\Users\student\ffhq-wrinkle-dataset\data\manual_wrinkle_masks\00114.png,"(1024, 1024)","(1024, 1024)",True,"[0, 255]",11932,1048576,0.011379241943359375
00123,C:\Users\student\ffhq-wrinkle-dataset\data\images1024x1024\00000\00123.png,C:\Users\student\ffhq-wrinkle-dataset\data\manual_wrinkle_masks\00123.png,"(1024, 1024)","(1024, 1024)",True,"[0, 255]",8467,1048576,0.008074760437011719
00125,C:\Users\student\ffhq-wrinkle-dataset\data\images1024x1024\00000\00125.png,C:\Users\student\ffhq-wrinkle-dataset\data\manual_wrinkle_masks\00125.png,"(1024, 1024)","(1024, 1024)",True,"[0, 255]",16086,1048576,0.015340805053710938
00132,C:\Users\student\ffhq-wrinkle-dataset\data\images1024x1024\00000\00132.png,C:\Users\student\ffhq-wrinkle-dataset\data\manual_wrinkle_masks\00132.png,"(1024, 1024)","(1024, 1024)",True,"[0, 255]",10748,1048576,0.010250091552734375
00133,C:\Users\student\ffhq-wrinkle-dataset\data\images1024x1024\00000\00133.png,C:\Users\student\ffhq-wrinkle-dataset\data\manual_wrinkle_masks\00133.png,"(1024, 1024)","(1024, 1024)",True,"[0, 255]",11825,1048576,0.011277198791503906
00142,C:\Users\student\ffhq-wrinkle-dataset\data\images1024x1024\00000\00142.png,C:\Users\student\ffhq-wrinkle-dataset\data\manual_wrinkle_masks\00142.png,"(1024, 1024)","(1024, 1024)",True,"[0, 255]",12882,1048576,0.012285232543945312
00144,C:\Users\student\ffhq-wrinkle-dataset\data\images1024x1024\00000\00144.png,C:\Users\student\ffhq-wrinkle-dataset\data\manual_wrinkle_masks\00144.png,"(1024, 1024)","(1024, 1024)",True,"[0, 255]",21590,1048576,0.020589828491210938
00167,C:\Users\student\ffhq-wrinkle-dataset\data\images1024x1024\00000\00167.png,C:\Users\student\ffhq-wrinkle-dataset\data\manual_wrinkle_masks\00167.png,"(1024, 1024)","(1024, 1024)",True,"[0, 255]",9331,1048576,0.008898735046386719
00174,C:\Users\student\ffhq-wrinkle-dataset\data\images1024x1024\00000\00174.png,C:\Users\student\ffhq-wrinkle-dataset\data\manual_wrinkle_masks\00174.png,"(1024, 1024)","(1024, 1024)",True,"[0, 255]",7644,1048576,0.007289886474609375
00175,C:\Users\student\ffhq-wrinkle-dataset\data\images1024x1024\00000\00175.png,C:\Users\student\ffhq-wrinkle-dataset\data\manual_wrinkle_masks\00175.png,"(1024, 1024)","(1024, 1024)",True,"[0, 255]",24619,1048576,0.02347850799560547
00189,C:\Users\student\ffhq-wrinkle-dataset\data\images1024x1024\00000\00189.png,C:\Users\student\ffhq-wrinkle-dataset\data\manual_wrinkle_masks\00189.png,"(1024, 1024)","(1024, 1024)",True,"[0, 255]",13182,1048576,0.012571334838867188
00197,C:\Users\student\ffhq-wrinkle-dataset\data\images1024x1024\00000\00197.png,C:\Users\student\ffhq-wrinkle-dataset\data\manual_wrinkle_masks\00197.png,"(1024, 1024)","(1024, 1024)",True,"[0, 255]",9634,1048576,0.009187698364257812
00232,C:\Users\student\ffhq-wrinkle-dataset\data\images1024x1024\00000\00232.png,C:\Users\student\ffhq-wrinkle-dataset\data\manual_wrinkle_masks\00232.png,"(1024, 1024)","(1024, 1024)",True,"[0, 255]",12041,1048576,0.011483192443847656
00251,C:\Users\student\ffhq-wrinkle-dataset\data\images1024x1024\00000\00251.png,C:\Users\student\ffhq-wrinkle-dataset\data\manual_wrinkle_masks\00251.png,"(1024, 1024)","(1024, 1024)",True,"[0, 255]",21744,1048576,0.0207366943359375
00257,C:\Users\student\ffhq-wrinkle-dataset\data\images1024x1024\00000\00257.png,C:\Users\student\ffhq-wrinkle-dataset\data\manual_wrinkle_masks\00257.png,"(1024, 1024)","(1024, 1024)",True,"[0, 255]",13446,1048576,0.012823104858398438
00259,C:\Users\student\ffhq-wrinkle-dataset\data\images1024x1024\00000\00259.png,C:\Users\student\ffhq-wrinkle-dataset\data\manual_wrinkle_masks\00259.png,"(1024, 1024)","(1024, 1024)",True,"[0, 255]",22790,1048576,0.021734237670898438
00264,C:\Users\student\ffhq-wrinkle-dataset\data\images1024x1024\00000\00264.png,C:\Users\student\ffhq-wrinkle-dataset\data\manual_wrinkle_masks\00264.png,"(1024, 1024)","(1024, 1024)",True,"[0, 255]",12911,1048576,0.012312889099121094
00267,C:\Users\student\ffhq-wrinkle-dataset\data\images1024x1024\00000\00267.png,C:\Users\student\ffhq-wrinkle-dataset\data\manual_wrinkle_masks\00267.png,"(1024, 1024)","(1024, 1024)",True,"[0, 255]",19059,1048576,0.01817607879638672
00323,C:\Users\student\ffhq-wrinkle-dataset\data\images1024x1024\00000\00323.png,C:\Users\student\ffhq-wrinkle-dataset\data\manual_wrinkle_masks\00323.png,"(1024, 1024)","(1024, 1024)",True,"[0, 255]",17057,1048576,0.016266822814941406
00336,C:\Users\student\ffhq-wrinkle-dataset\data\images1024x1024\00000\00336.png,C:\Users\student\ffhq-wrinkle-dataset\data\manual_wrinkle_masks\00336.png,"(1024, 1024)","(1024, 1024)",True,"[0, 255]",10755,1048576,0.010256767272949219
00378,C:\Users\student\ffhq-wrinkle-dataset\data\images1024x1024\00000\00378.png,C:\Users\student\ffhq-wrinkle-dataset\data\manual_wrinkle_masks\00378.png,"(1024, 1024)","(1024, 1024)",True,"[0, 255]",16175,1048576,0.015425682067871094
00387,C:\Users\student\ffhq-wrinkle-dataset\data\images1024x1024\00000\00387.png,C:\Users\student\ffhq-wrinkle-dataset\data\manual_wrinkle_masks\00387.png,"(1024, 1024)","(1024, 1024)",True,"[0, 255]",20761,1048576,0.019799232482910156
00396,C:\Users\student\ffhq-wrinkle-dataset\data\images1024x1024\00000\00396.png,C:\Users\student\ffhq-wrinkle-dataset\data\manual_wrinkle_masks\00396.png,"(1024, 1024)","(1024, 1024)",True,"[0, 255]",7984,1048576,0.0076141357421875
00413,C:\Users\student\ffhq-wrinkle-dataset\data\images1024x1024\00000\00413.png,C:\Users\student\ffhq-wrinkle-dataset\data\manual_wrinkle_masks\00413.png,"(1024, 1024)","(1024, 1024)",True,"[0, 255]",5714,1048576,0.0054492950439453125
00420,C:\Users\student\ffhq-wrinkle-dataset\data\images1024x1024\00000\00420.png,C:\Users\student\ffhq-wrinkle-dataset\data\manual_wrinkle_masks\00420.png,"(1024, 1024)","(1024, 1024)",True,"[0, 255]",5235,1048576,0.004992485046386719
00427,C:\Users\student\ffhq-wrinkle-dataset\data\images1024x1024\00000\00427.png,C:\Users\student\ffhq-wrinkle-dataset\data\manual_wrinkle_masks\00427.png,"(1024, 1024)","(1024, 1024)",True,"[0, 255]",885,1048576,0.0008440017700195312
00439,C:\Users\student\ffhq-wrinkle-dataset\data\images1024x1024\00000\00439.png,C:\Users\student\ffhq-wrinkle-dataset\data\manual_wrinkle_masks\00439.png,"(1024, 1024)","(1024, 1024)",True,"[0, 255]",5426,1048576,0.0051746368408203125
00445,C:\Users\student\ffhq-wrinkle-dataset\data\images1024x1024\00000\00445.png,C:\Users\student\ffhq-wrinkle-dataset\data\manual_wrinkle_masks\00445.png,"(1024, 1024)","(1024, 1024)",True,"[0, 255]",26274,1048576,0.025056838989257812
00447,C:\Users\student\ffhq-wrinkle-dataset\data\images1024x1024\00000\00447.png,C:\Users\student\ffhq-wrinkle-dataset\data\manual_wrinkle_masks\00447.png,"(1024, 1024)","(1024, 1024)",True,"[0, 255]",7610,1048576,0.0072574615478515625
00492,C:\Users\student\ffhq-wrinkle-dataset\data\images1024x1024\00000\00492.png,C:\Users\student\ffhq-wrinkle-dataset\data\manual_wrinkle_masks\00492.png,"(1024, 1024)","(1024, 1024)",True,"[0, 255]",6652,1048576,0.006343841552734375
00536,C:\Users\student\ffhq-wrinkle-dataset\data\images1024x1024\00000\00536.png,C:\Users\student\ffhq-wrinkle-dataset\data\manual_wrinkle_masks\00536.png,"(1024, 1024)","(1024, 1024)",True,"[0, 255]",17716,1048576,0.016895294189453125
00566,C:\Users\student\ffhq-wrinkle-dataset\data\images1024x1024\00000\00566.png,C:\Users\student\ffhq-wrinkle-dataset\data\manual_wrinkle_masks\00566.png,"(1024, 1024)","(1024, 1024)",True,"[0, 255]",7684,1048576,0.007328033447265625
00570,C:\Users\student\ffhq-wrinkle-dataset\data\images1024x1024\00000\00570.png,C:\Users\student\ffhq-wrinkle-dataset\data\manual_wrinkle_masks\00570.png,"(1024, 1024)","(1024, 1024)",True,"[0, 255]",5225,1048576,0.004982948303222656
00652,C:\Users\student\ffhq-wrinkle-dataset\data\images1024x1024\00000\00652.png,C:\Users\student\ffhq-wrinkle-dataset\data\manual_wrinkle_masks\00652.png,"(1024, 1024)","(1024, 1024)",True,"[0, 255]",15662,1048576,0.014936447143554688
00656,C:\Users\student\ffhq-wrinkle-dataset\data\images1024x1024\00000\00656.png,C:\Users\student\ffhq-wrinkle-dataset\data\manual_wrinkle_masks\00656.png,"(1024, 1024)","(1024, 1024)",True,"[0, 255]",11703,1048576,0.011160850524902344
00675,C:\Users\student\ffhq-wrinkle-dataset\data\images1024x1024\00000\00675.png,C:\Users\student\ffhq-wrinkle-dataset\data\manual_wrinkle_masks\00675.png,"(1024, 1024)","(1024, 1024)",True,"[0, 255]",6922,1048576,0.0066013336181640625
00679,C:\Users\student\ffhq-wrinkle-dataset\data\images1024x1024\00000\00679.png,C:\Users\student\ffhq-wrinkle-dataset\data\manual_wrinkle_masks\00679.png,"(1024, 1024)","(1024, 1024)",True,"[0, 255]",11672,1048576,0.01113128662109375
00689,C:\Users\student\ffhq-wrinkle-dataset\data\images1024x1024\00000\00689.png,C:\Users\student\ffhq-wrinkle-dataset\data\manual_wrinkle_masks\00689.png,"(1024, 1024)","(1024, 1024)",True,"[0, 255]",10815,1048576,0.010313987731933594
01000,C:\Users\student\ffhq-wrinkle-dataset\data\images1024x1024\01000\01000.png,C:\Users\student\ffhq-wrinkle-dataset\data\manual_wrinkle_masks\01000.png,"(1024, 1024)","(1024, 1024)",True,"[0, 255]",8016,1048576,0.0076446533203125
01012,C:\Users\student\ffhq-wrinkle-dataset\data\images1024x1024\01000\01012.png,C:\Users\student\ffhq-wrinkle-dataset\data\manual_wrinkle_masks\01012.png,"(1024, 1024)","(1024, 1024)",True,"[0, 255]",3640,1048576,0.00347137451171875
01014,C:\Users\student\ffhq-wrinkle-dataset\data\images1024x1024\01000\01014.png,C:\Users\student\ffhq-wrinkle-dataset\data\manual_wrinkle_masks\01014.png,"(1024, 1024)","(1024, 1024)",True,"[0, 255]",10139,1048576,0.009669303894042969
01018,C:\Users\student\ffhq-wrinkle-dataset\data\images1024x1024\01000\01018.png,C:\Users\student\ffhq-wrinkle-dataset\data\manual_wrinkle_masks\01018.png,"(1024, 1024)","(1024, 1024)",True,"[0, 255]",3228,1048576,0.003078460693359375
01031,C:\Users\student\ffhq-wrinkle-dataset\data\images1024x1024\01000\01031.png,C:\Users\student\ffhq-wrinkle-dataset\data\manual_wrinkle_masks\01031.png,"(1024, 1024)","(1024, 1024)",True,"[0, 255]",6041,1048576,0.005761146545410156
01033,C:\Users\student\ffhq-wrinkle-dataset\data\images1024x1024\01000\01033.png,C:\Users\student\ffhq-wrinkle-dataset\data\manual_wrinkle_masks\01033.png,"(1024, 1024)","(1024, 1024)",True,"[0, 255]",19817,1048576,0.018898963928222656
01044,C:\Users\student\ffhq-wrinkle-dataset\data\images1024x1024\01000\01044.png,C:\Users\student\ffhq-wrinkle-dataset\data\manual_wrinkle_masks\01044.png,"(1024, 1024)","(1024, 1024)",True,"[0, 255]",3502,1048576,0.0033397674560546875
01051,C:\Users\student\ffhq-wrinkle-dataset\data\images1024x1024\01000\01051.png,C:\Users\student\ffhq-wrinkle-dataset\data\manual_wrinkle_masks\01051.png,"(1024, 1024)","(1024, 1024)",True,"[0, 255]",2876,1048576,0.002742767333984375
01054,C:\Users\student\ffhq-wrinkle-dataset\data\images1024x1024\01000\01054.png,C:\Users\student\ffhq-wrinkle-dataset\data\manual_wrinkle_masks\01054.png,"(1024, 1024)","(1024, 1024)",True,"[0, 255]",4560,1048576,0.0043487548828125
01059,C:\Users\student\ffhq-wrinkle-dataset\data\images1024x1024\01000\01059.png,C:\Users\student\ffhq-wrinkle-dataset\data\manual_wrinkle_masks\01059.png,"(1024, 1024)","(1024, 1024)",True,"[0, 255]",3000,1048576,0.00286102294921875
01064,C:\Users\student\ffhq-wrinkle-dataset\data\images1024x1024\01000\01064.png,C:\Users\student\ffhq-wrinkle-dataset\data\manual_wrinkle_masks\01064.png,"(1024, 1024)","(1024, 1024)",True,"[0, 255]",15508,1048576,0.014789581298828125
01068,C:\Users\student\ffhq-wrinkle-dataset\data\images1024x1024\01000\01068.png,C:\Users\student\ffhq-wrinkle-dataset\data\manual_wrinkle_masks\01068.png,"(1024, 1024)","(1024, 1024)",True,"[0, 255]",7439,1048576,0.007094383239746094
01080,C:\Users\student\ffhq-wrinkle-dataset\data\images1024x1024\01000\01080.png,C:\Users\student\ffhq-wrinkle-dataset\data\manual_wrinkle_masks\01080.png,"(1024, 1024)","(1024, 1024)",True,"[0, 255]",2922,1048576,0.0027866363525390625
01084,C:\Users\student\ffhq-wrinkle-dataset\data\images1024x1024\01000\01084.png,C:\Users\student\ffhq-wrinkle-dataset\data\manual_wrinkle_masks\01084.png,"(1024, 1024)","(1024, 1024)",True,"[0, 255]",4746,1048576,0.0045261383056640625
01088,C:\Users\student\ffhq-wrinkle-dataset\data\images1024x1024\01000\01088.png,C:\Users\student\ffhq-wrinkle-dataset\data\manual_wrinkle_masks\01088.png,"(1024, 1024)","(1024, 1024)",True,"[0, 255]",5335,1048576,0.005087852478027344
01103,C:\Users\student\ffhq-wrinkle-dataset\data\images1024x1024\01000\01103.png,C:\Users\student\ffhq-wrinkle-dataset\data\manual_wrinkle_masks\01103.png,"(1024, 1024)","(1024, 1024)",True,"[0, 255]",2607,1048576,0.0024862289428710938
01104,C:\Users\student\ffhq-wrinkle-dataset\data\images1024x1024\01000\01104.png,C:\Users\student\ffhq-wrinkle-dataset\data\manual_wrinkle_masks\01104.png,"(1024, 1024)","(1024, 1024)",True,"[0, 255]",7070,1048576,0.0067424774169921875
01126,C:\Users\student\ffhq-wrinkle-dataset\data\images1024x1024\01000\01126.png,C:\Users\student\ffhq-wrinkle-dataset\data\manual_wrinkle_masks\01126.png,"(1024, 1024)","(1024, 1024)",True,"[0, 255]",6319,1048576,0.006026268005371094
01148,C:\Users\student\ffhq-wrinkle-dataset\data\images1024x1024\01000\01148.png,C:\Users\student\ffhq-wrinkle-dataset\data\manual_wrinkle_masks\01148.png,"(1024, 1024)","(1024, 1024)",True,"[0, 255]",6406,1048576,0.0061092376708984375
01165,C:\Users\student\ffhq-wrinkle-dataset\data\images1024x1024\01000\01165.png,C:\Users\student\ffhq-wrinkle-dataset\data\manual_wrinkle_masks\01165.png,"(1024, 1024)","(1024, 1024)",True,"[0, 255]",2578,1048576,0.0024585723876953125
01168,C:\Users\student\ffhq-wrinkle-dataset\data\images1024x1024\01000\01168.png,C:\Users\student\ffhq-wrinkle-dataset\data\manual_wrinkle_masks\01168.png,"(1024, 1024)","(1024, 1024)",True,"[0, 255]",1919,1048576,0.0018301010131835938
01171,C:\Users\student\ffhq-wrinkle-dataset\data\images1024x1024\01000\01171.png,C:\Users\student\ffhq-wrinkle-dataset\data\manual_wrinkle_masks\01171.png,"(1024, 1024)","(1024, 1024)",True,"[0, 255]",7487,1048576,0.007140159606933594
01174,C:\Users\student\ffhq-wrinkle-dataset\data\images1024x1024\01000\01174.png,C:\Users\student\ffhq-wrinkle-dataset\data\manual_wrinkle_masks\01174.png,"(1024, 1024)","(1024, 1024)",True,"[0, 255]",10602,1048576,0.010110855102539062
01177,C:\Users\student\ffhq-wrinkle-dataset\data\images1024x1024\01000\01177.png,C:\Users\student\ffhq-wrinkle-dataset\data\manual_wrinkle_masks\01177.png,"(1024, 1024)","(1024, 1024)",True,"[0, 255]",6364,1048576,0.006069183349609375
01179,C:\Users\student\ffhq-wrinkle-dataset\data\images1024x1024\01000\01179.png,C:\Users\student\ffhq-wrinkle-dataset\data\manual_wrinkle_masks\01179.png,"(1024, 1024)","(1024, 1024)",True,"[0, 255]",4891,1048576,0.004664421081542969
01186,C:\Users\student\ffhq-wrinkle-dataset\data\images1024x1024\01000\01186.png,C:\Users\student\ffhq-wrinkle-dataset\data\manual_wrinkle_masks\01186.png,"(1024, 1024)","(1024, 1024)",True,"[0, 255]",1780,1048576,0.001697540283203125
01189,C:\Users\student\ffhq-wrinkle-dataset\data\images1024x1024\01000\01189.png,C:\Users\student\ffhq-wrinkle-dataset\data\manual_wrinkle_masks\01189.png,"(1024, 1024)","(1024, 1024)",True,"[0, 255]",3254,1048576,0.0031032562255859375
01196,C:\Users\student\ffhq-wrinkle-dataset\data\images1024x1024\01000\01196.png,C:\Users\student\ffhq-wrinkle-dataset\data\manual_wrinkle_masks\01196.png,"(1024, 1024)","(1024, 1024)",True,"[0, 255]",1029,1048576,0.0009813308715820312
01212,C:\Users\student\ffhq-wrinkle-dataset\data\images1024x1024\01000\01212.png,C:\Users\student\ffhq-wrinkle-dataset\data\manual_wrinkle_masks\01212.png,"(1024, 1024)","(1024, 1024)",True,"[0, 255]",1993,1048576,0.0019006729125976562
01217,C:\Users\student\ffhq-wrinkle-dataset\data\images1024x1024\01000\01217.png,C:\Users\student\ffhq-wrinkle-dataset\data\manual_wrinkle_masks\01217.png,"(1024, 1024)","(1024, 1024)",True,"[0, 255]",6892,1048576,0.006572723388671875
01224,C:\Users\student\ffhq-wrinkle-dataset\data\images1024x1024\01000\01224.png,C:\Users\student\ffhq-wrinkle-dataset\data\manual_wrinkle_masks\01224.png,"(1024, 1024)","(1024, 1024)",True,"[0, 255]",8483,1048576,0.008090019226074219
01238,C:\Users\student\ffhq-wrinkle-dataset\data\images1024x1024\01000\01238.png,C:\Users\student\ffhq-wrinkle-dataset\data\manual_wrinkle_masks\01238.png,"(1024, 1024)","(1024, 1024)",True,"[0, 255]",11118,1048576,0.010602951049804688
01248,C:\Users\student\ffhq-wrinkle-dataset\data\images1024x1024\01000\01248.png,C:\Users\student\ffhq-wrinkle-dataset\data\manual_wrinkle_masks\01248.png,"(1024, 1024)","(1024, 1024)",True,"[0, 255]",11798,1048576,0.011251449584960938
01273,C:\Users\student\ffhq-wrinkle-dataset\data\images1024x1024\01000\01273.png,C:\Users\student\ffhq-wrinkle-dataset\data\manual_wrinkle_masks\01273.png,"(1024, 1024)","(1024, 1024)",True,"[0, 255]",2583,1048576,0.0024633407592773438
01301,C:\Users\student\ffhq-wrinkle-dataset\data\images1024x1024\01000\01301.png,C:\Users\student\ffhq-wrinkle-dataset\data\manual_wrinkle_masks\01301.png,"(1024, 1024)","(1024, 1024)",True,"[0, 255]",1657,1048576,0.0015802383422851562
01309,C:\Users\student\ffhq-wrinkle-dataset\data\images1024x1024\01000\01309.png,C:\Users\student\ffhq-wrinkle-dataset\data\manual_wrinkle_masks\01309.png,"(1024, 1024)","(1024, 1024)",True,"[0, 255]",5487,1048576,0.005232810974121094
01327,C:\Users\student\ffhq-wrinkle-dataset\data\images1024x1024\01000\01327.png,C:\Users\student\ffhq-wrinkle-dataset\data\manual_wrinkle_masks\01327.png,"(1024, 1024)","(1024, 1024)",True,"[0, 255]",3135,1048576,0.0029897689819335938
01338,C:\Users\student\ffhq-wrinkle-dataset\data\images1024x1024\01000\01338.png,C:\Users\student\ffhq-wrinkle-dataset\data\manual_wrinkle_masks\01338.png,"(1024, 1024)","(1024, 1024)",True,"[0, 255]",9123,1048576,0.008700370788574219
01344,C:\Users\student\ffhq-wrinkle-dataset\data\images1024x1024\01000\01344.png,C:\Users\student\ffhq-wrinkle-dataset\data\manual_wrinkle_masks\01344.png,"(1024, 1024)","(1024, 1024)",True,"[0, 255]",9336,1048576,0.00890350341796875
01351,C:\Users\student\ffhq-wrinkle-dataset\data\images1024x1024\01000\01351.png,C:\Users\student\ffhq-wrinkle-dataset\data\manual_wrinkle_masks\01351.png,"(1024, 1024)","(1024, 1024)",True,"[0, 255]",2689,1048576,0.0025644302368164062
01357,C:\Users\student\ffhq-wrinkle-dataset\data\images1024x1024\01000\01357.png,C:\Users\student\ffhq-wrinkle-dataset\data\manual_wrinkle_masks\01357.png,"(1024, 1024)","(1024, 1024)",True,"[0, 255]",1715,1048576,0.0016355514526367188
01360,C:\Users\student\ffhq-wrinkle-dataset\data\images1024x1024\01000\01360.png,C:\Users\student\ffhq-wrinkle-dataset\data\manual_wrinkle_masks\01360.png,"(1024, 1024)","(1024, 1024)",True,"[0, 255]",2673,1048576,0.0025491714477539062
01395,C:\Users\student\ffhq-wrinkle-dataset\data\images1024x1024\01000\01395.png,C:\Users\student\ffhq-wrinkle-dataset\data\manual_wrinkle_masks\01395.png,"(1024, 1024)","(1024, 1024)",True,"[0, 255]",1985,1048576,0.0018930435180664062
01410,C:\Users\student\ffhq-wrinkle-dataset\data\images1024x1024\01000\01410.png,C:\Users\student\ffhq-wrinkle-dataset\data\manual_wrinkle_masks\01410.png,"(1024, 1024)","(1024, 1024)",True,"[0, 255]",16474,1048576,0.015710830688476562
01411,C:\Users\student\ffhq-wrinkle-dataset\data\images1024x1024\01000\01411.png,C:\Users\student\ffhq-wrinkle-dataset\data\manual_wrinkle_masks\01411.png,"(1024, 1024)","(1024, 1024)",True,"[0, 255]",5244,1048576,0.005001068115234375
01421,C:\Users\student\ffhq-wrinkle-dataset\data\images1024x1024\01000\01421.png,C:\Users\student\ffhq-wrinkle-dataset\data\manual_wrinkle_masks\01421.png,"(1024, 1024)","(1024, 1024)",True,"[0, 255]",1424,1048576,0.0013580322265625
01423,C:\Users\student\ffhq-wrinkle-dataset\data\images1024x1024\01000\01423.png,C:\Users\student\ffhq-wrinkle-dataset\data\manual_wrinkle_masks\01423.png,"(1024, 1024)","(1024, 1024)",True,"[0, 255]",3080,1048576,0.00293731689453125
01447,C:\Users\student\ffhq-wrinkle-dataset\data\images1024x1024\01000\01447.png,C:\Users\student\ffhq-wrinkle-dataset\data\manual_wrinkle_masks\01447.png,"(1024, 1024)","(1024, 1024)",True,"[0, 255]",6199,1048576,0.005911827087402344
01452,C:\Users\student\ffhq-wrinkle-dataset\data\images1024x1024\01000\01452.png,C:\Users\student\ffhq-wrinkle-dataset\data\manual_wrinkle_masks\01452.png,"(1024, 1024)","(1024, 1024)",True,"[0, 255]",8747,1048576,0.008341789245605469
01454,C:\Users\student\ffhq-wrinkle-dataset\data\images1024x1024\01000\01454.png,C:\Users\student\ffhq-wrinkle-dataset\data\manual_wrinkle_masks\01454.png,"(1024, 1024)","(1024, 1024)",True,"[0, 255]",2146,1048576,0.0020465850830078125
01455,C:\Users\student\ffhq-wrinkle-dataset\data\images1024x1024\01000\01455.png,C:\Users\student\ffhq-wrinkle-dataset\data\manual_wrinkle_masks\01455.png,"(1024, 1024)","(1024, 1024)",True,"[0, 255]",814,1048576,0.0007762908935546875
01471,C:\Users\student\ffhq-wrinkle-dataset\data\images1024x1024\01000\01471.png,C:\Users\student\ffhq-wrinkle-dataset\data\manual_wrinkle_masks\01471.png,"(1024, 1024)","(1024, 1024)",True,"[0, 255]",4199,1048576,0.004004478454589844
01481,C:\Users\student\ffhq-wrinkle-dataset\data\images1024x1024\01000\01481.png,C:\Users\student\ffhq-wrinkle-dataset\data\manual_wrinkle_masks\01481.png,"(1024, 1024)","(1024, 1024)",True,"[0, 255]",7255,1048576,0.006918907165527344
01487,C:\Users\student\ffhq-wrinkle-dataset\data\images1024x1024\01000\01487.png,C:\Users\student\ffhq-wrinkle-dataset\data\manual_wrinkle_masks\01487.png,"(1024, 1024)","(1024, 1024)",True,"[0, 255]",403,1048576,0.00038433074951171875
01503,C:\Users\student\ffhq-wrinkle-dataset\data\images1024x1024\01000\01503.png,C:\Users\student\ffhq-wrinkle-dataset\data\manual_wrinkle_masks\01503.png,"(1024, 1024)","(1024, 1024)",True,"[0, 255]",7667,1048576,0.007311820983886719
01511,C:\Users\student\ffhq-wrinkle-dataset\data\images1024x1024\01000\01511.png,C:\Users\student\ffhq-wrinkle-dataset\data\manual_wrinkle_masks\01511.png,"(1024, 1024)","(1024, 1024)",True,"[0, 255]",3892,1048576,0.003711700439453125
01513,C:\Users\student\ffhq-wrinkle-dataset\data\images1024x1024\01000\01513.png,C:\Users\student\ffhq-wrinkle-dataset\data\manual_wrinkle_masks\01513.png,"(1024, 1024)","(1024, 1024)",True,"[0, 255]",1324,1048576,0.001262664794921875
01514,C:\Users\student\ffhq-wrinkle-dataset\data\images1024x1024\01000\01514.png,C:\Users\student\ffhq-wrinkle-dataset\data\manual_wrinkle_masks\01514.png,"(1024, 1024)","(1024, 1024)",True,"[0, 255]",4064,1048576,0.003875732421875
01516,C:\Users\student\ffhq-wrinkle-dataset\data\images1024x1024\01000\01516.png,C:\Users\student\ffhq-wrinkle-dataset\data\manual_wrinkle_masks\01516.png,"(1024, 1024)","(1024, 1024)",True,"[0, 255]",3725,1048576,0.0035524368286132812
01517,C:\Users\student\ffhq-wrinkle-dataset\data\images1024x1024\01000\01517.png,C:\Users\student\ffhq-wrinkle-dataset\data\manual_wrinkle_masks\01517.png,"(1024, 1024)","(1024, 1024)",True,"[0, 255]",4058,1048576,0.0038700103759765625
01524,C:\Users\student\ffhq-wrinkle-dataset\data\images1024x1024\01000\01524.png,C:\Users\student\ffhq-wrinkle-dataset\data\manual_wrinkle_masks\01524.png,"(1024, 1024)","(1024, 1024)",True,"[0, 255]",2993,1048576,0.0028543472290039062
01533,C:\Users\student\ffhq-wrinkle-dataset\data\images1024x1024\01000\01533.png,C:\Users\student\ffhq-wrinkle-dataset\data\manual_wrinkle_masks\01533.png,"(1024, 1024)","(1024, 1024)",True,"[0, 255]",972,1048576,0.000926971435546875
01548,C:\Users\student\ffhq-wrinkle-dataset\data\images1024x1024\01000\01548.png,C:\Users\student\ffhq-wrinkle-dataset\data\manual_wrinkle_masks\01548.png,"(1024, 1024)","(1024, 1024)",True,"[0, 255]",3907,1048576,0.0037260055541992188
01556,C:\Users\student\ffhq-wrinkle-dataset\data\images1024x1024\01000\01556.png,C:\Users\student\ffhq-wrinkle-dataset\data\manual_wrinkle_masks\01556.png,"(1024, 1024)","(1024, 1024)",True,"[0, 255]",11003,1048576,0.010493278503417969
01564,C:\Users\student\ffhq-wrinkle-dataset\data\images1024x1024\01000\01564.png,C:\Users\student\ffhq-wrinkle-dataset\data\manual_wrinkle_masks\01564.png,"(1024, 1024)","(1024, 1024)",True,"[0, 255]",4340,1048576,0.004138946533203125
01574,C:\Users\student\ffhq-wrinkle-dataset\data\images1024x1024\01000\01574.png,C:\Users\student\ffhq-wrinkle-dataset\data\manual_wrinkle_masks\01574.png,"(1024, 1024)","(1024, 1024)",True,"[0, 255]",4476,1048576,0.004268646240234375
01580,C:\Users\student\ffhq-wrinkle-dataset\data\images1024x1024\01000\01580.png,C:\Users\student\ffhq-wrinkle-dataset\data\manual_wrinkle_masks\01580.png,"(1024, 1024)","(1024, 1024)",True,"[0, 255]",1667,1048576,0.0015897750854492188
01587,C:\Users\student\ffhq-wrinkle-dataset\data\images1024x1024\01000\01587.png,C:\Users\student\ffhq-wrinkle-dataset\data\manual_wrinkle_masks\01587.png,"(1024, 1024)","(1024, 1024)",True,"[0, 255]",24085,1048576,0.02296924591064453
01598,C:\Users\student\ffhq-wrinkle-dataset\data\images1024x1024\01000\01598.png,C:\Users\student\ffhq-wrinkle-dataset\data\manual_wrinkle_masks\01598.png,"(1024, 1024)","(1024, 1024)",True,"[0, 255]",3979,1048576,0.0037946701049804688
01600,C:\Users\student\ffhq-wrinkle-dataset\data\images1024x1024\01000\01600.png,C:\Users\student\ffhq-wrinkle-dataset\data\manual_wrinkle_masks\01600.png,"(1024, 1024)","(1024, 1024)",True,"[0, 255]",1867,1048576,0.0017805099487304688
01601,C:\Users\student\ffhq-wrinkle-dataset\data\images1024x1024\01000\01601.png,C:\Users\student\ffhq-wrinkle-dataset\data\manual_wrinkle_masks\01601.png,"(1024, 1024)","(1024, 1024)",True,"[0, 255]",4891,1048576,0.004664421081542969
01602,C:\Users\student\ffhq-wrinkle-dataset\data\images1024x1024\01000\01602.png,C:\Users\student\ffhq-wrinkle-dataset\data\manual_wrinkle_masks\01602.png,"(1024, 1024)","(1024, 1024)",True,"[0, 255]",3740,1048576,0.003566741943359375
01619,C:\Users\student\ffhq-wrinkle-dataset\data\images1024x1024\01000\01619.png,C:\Users\student\ffhq-wrinkle-dataset\data\manual_wrinkle_masks\01619.png,"(1024, 1024)","(1024, 1024)",True,"[0, 255]",1551,1048576,0.0014791488647460938
01626,C:\Users\student\ffhq-wrinkle-dataset\data\images1024x1024\01000\01626.png,C:\Users\student\ffhq-wrinkle-dataset\data\manual_wrinkle_masks\01626.png,"(1024, 1024)","(1024, 1024)",True,"[0, 255]",11493,1048576,0.010960578918457031
01627,C:\Users\student\ffhq-wrinkle-dataset\data\images1024x1024\01000\01627.png,C:\Users\student\ffhq-wrinkle-dataset\data\manual_wrinkle_masks\01627.png,"(1024, 1024)","(1024, 1024)",True,"[0, 255]",1531,1048576,0.0014600753784179688
01634,C:\Users\student\ffhq-wrinkle-dataset\data\images1024x1024\01000\01634.png,C:\Users\student\ffhq-wrinkle-dataset\data\manual_wrinkle_masks\01634.png,"(1024, 1024)","(1024, 1024)",True,"[0, 255]",4738,1048576,0.0045185089111328125
01639,C:\Users\student\ffhq-wrinkle-dataset\data\images1024x1024\01000\01639.png,C:\Users\student\ffhq-wrinkle-dataset\data\manual_wrinkle_masks\01639.png,"(1024, 1024)","(1024, 1024)",True,"[0, 255]",4239,1048576,0.004042625427246094
01652,C:\Users\student\ffhq-wrinkle-dataset\data\images1024x1024\01000\01652.png,C:\Users\student\ffhq-wrinkle-dataset\data\manual_wrinkle_masks\01652.png,"(1024, 1024)","(1024, 1024)",True,"[0, 255]",3300,1048576,0.003147125244140625
01657,C:\Users\student\ffhq-wrinkle-dataset\data\images1024x1024\01000\01657.png,C:\Users\student\ffhq-wrinkle-dataset\data\manual_wrinkle_masks\01657.png,"(1024, 1024)","(1024, 1024)",True,"[0, 255]",3130,1048576,0.0029850006103515625
01670,C:\Users\student\ffhq-wrinkle-dataset\data\images1024x1024\01000\01670.png,C:\Users\student\ffhq-wrinkle-dataset\data\manual_wrinkle_masks\01670.png,"(1024, 1024)","(1024, 1024)",True,"[0, 255]",1369,1048576,0.0013055801391601562
01681,C:\Users\student\ffhq-wrinkle-dataset\data\images1024x1024\01000\01681.png,C:\Users\student\ffhq-wrinkle-dataset\data\manual_wrinkle_masks\01681.png,"(1024, 1024)","(1024, 1024)",True,"[0, 255]",1908,1048576,0.001819610595703125
01695,C:\Users\student\ffhq-wrinkle-dataset\data\images1024x1024\01000\01695.png,C:\Users\student\ffhq-wrinkle-dataset\data\manual_wrinkle_masks\01695.png,"(1024, 1024)","(1024, 1024)",True,"[0, 255]",3550,1048576,0.0033855438232421875
01697,C:\Users\student\ffhq-wrinkle-dataset\data\images1024x1024\01000\01697.png,C:\Users\student\ffhq-wrinkle-dataset\data\manual_wrinkle_masks\01697.png,"(1024, 1024)","(1024, 1024)",True,"[0, 255]",4784,1048576,0.0045623779296875
01708,C:\Users\student\ffhq-wrinkle-dataset\data\images1024x1024\01000\01708.png,C:\Users\student\ffhq-wrinkle-dataset\data\manual_wrinkle_masks\01708.png,"(1024, 1024)","(1024, 1024)",True,"[0, 255]",282,1048576,0.0002689361572265625
01712,C:\Users\student\ffhq-wrinkle-dataset\data\images1024x1024\01000\01712.png,C:\Users\student\ffhq-wrinkle-dataset\data\manual_wrinkle_masks\01712.png,"(1024, 1024)","(1024, 1024)",True,"[0, 255]",2256,1048576,0.0021514892578125
01720,C:\Users\student\ffhq-wrinkle-dataset\data\images1024x1024\01000\01720.png,C:\Users\student\ffhq-wrinkle-dataset\data\manual_wrinkle_masks\01720.png,"(1024, 1024)","(1024, 1024)",True,"[0, 255]",3718,1048576,0.0035457611083984375
01734,C:\Users\student\ffhq-wrinkle-dataset\data\images1024x1024\01000\01734.png,C:\Users\student\ffhq-wrinkle-dataset\data\manual_wrinkle_masks\01734.png,"(1024, 1024)","(1024, 1024)",True,"[0, 255]",6549,1048576,0.006245613098144531
01746,C:\Users\student\ffhq-wrinkle-dataset\data\images1024x1024\01000\01746.png,C:\Users\student\ffhq-wrinkle-dataset\data\manual_wrinkle_masks\01746.png,"(1024, 1024)","(1024, 1024)",True,"[0, 255]",8594,1048576,0.008195877075195312
01753,C:\Users\student\ffhq-wrinkle-dataset\data\images1024x1024\01000\01753.png,C:\Users\student\ffhq-wrinkle-dataset\data\manual_wrinkle_masks\01753.png,"(1024, 1024)","(1024, 1024)",True,"[0, 255]",2473,1048576,0.0023584365844726562
01760,C:\Users\student\ffhq-wrinkle-dataset\data\images1024x1024\01000\01760.png,C:\Users\student\ffhq-wrinkle-dataset\data\manual_wrinkle_masks\01760.png,"(1024, 1024)","(1024, 1024)",True,"[0, 255]",3433,1048576,0.0032739639282226562
01763,C:\Users\student\ffhq-wrinkle-dataset\data\images1024x1024\01000\01763.png,C:\Users\student\ffhq-wrinkle-dataset\data\manual_wrinkle_masks\01763.png,"(1024, 1024)","(1024, 1024)",True,"[0, 255]",934,1048576,0.0008907318115234375
01770,C:\Users\student\ffhq-wrinkle-dataset\data\images1024x1024\01000\01770.png,C:\Users\student\ffhq-wrinkle-dataset\data\manual_wrinkle_masks\01770.png,"(1024, 1024)","(1024, 1024)",True,"[0, 255]",2801,1048576,0.0026712417602539062
01788,C:\Users\student\ffhq-wrinkle-dataset\data\images1024x1024\01000\01788.png,C:\Users\student\ffhq-wrinkle-dataset\data\manual_wrinkle_masks\01788.png,"(1024, 1024)","(1024, 1024)",True,"[0, 255]",7002,1048576,0.0066776275634765625
01799,C:\Users\student\ffhq-wrinkle-dataset\data\images1024x1024\01000\01799.png,C:\Users\student\ffhq-wrinkle-dataset\data\manual_wrinkle_masks\01799.png,"(1024, 1024)","(1024, 1024)",True,"[0, 255]",1241,1048576,0.0011835098266601562
01803,C:\Users\student\ffhq-wrinkle-dataset\data\images1024x1024\01000\01803.png,C:\Users\student\ffhq-wrinkle-dataset\data\manual_wrinkle_masks\01803.png,"(1024, 1024)","(1024, 1024)",True,"[0, 255]",15209,1048576,0.014504432678222656
01805,C:\Users\student\ffhq-wrinkle-dataset\data\images1024x1024\01000\01805.png,C:\Users\student\ffhq-wrinkle-dataset\data\manual_wrinkle_masks\01805.png,"(1024, 1024)","(1024, 1024)",True,"[0, 255]",2816,1048576,0.002685546875
01808,C:\Users\student\ffhq-wrinkle-dataset\data\images1024x1024\01000\01808.png,C:\Users\student\ffhq-wrinkle-dataset\data\manual_wrinkle_masks\01808.png,"(1024, 1024)","(1024, 1024)",True,"[0, 255]",5266,1048576,0.0050220489501953125
01822,C:\Users\student\ffhq-wrinkle-dataset\data\images1024x1024\01000\01822.png,C:\Users\student\ffhq-wrinkle-dataset\data\manual_wrinkle_masks\01822.png,"(1024, 1024)","(1024, 1024)",True,"[0, 255]",10372,1048576,0.009891510009765625
01827,C:\Users\student\ffhq-wrinkle-dataset\data\images1024x1024\01000\01827.png,C:\Users\student\ffhq-wrinkle-dataset\data\manual_wrinkle_masks\01827.png,"(1024, 1024)","(1024, 1024)",True,"[0, 255]",1782,1048576,0.0016994476318359375
01828,C:\Users\student\ffhq-wrinkle-dataset\data\images1024x1024\01000\01828.png,C:\Users\student\ffhq-wrinkle-dataset\data\manual_wrinkle_masks\01828.png,"(1024, 1024)","(1024, 1024)",True,"[0, 255]",504,1048576,0.00048065185546875
01868,C:\Users\student\ffhq-wrinkle-dataset\data\images1024x1024\01000\01868.png,C:\Users\student\ffhq-wrinkle-dataset\data\manual_wrinkle_masks\01868.png,"(1024, 1024)","(1024, 1024)",True,"[0, 255]",3277,1048576,0.0031251907348632812
01890,C:\Users\student\ffhq-wrinkle-dataset\data\images1024x1024\01000\01890.png,C:\Users\student\ffhq-wrinkle-dataset\data\manual_wrinkle_masks\01890.png,"(1024, 1024)","(1024, 1024)",True,"[0, 255]",3247,1048576,0.0030965805053710938
01897,C:\Users\student\ffhq-wrinkle-dataset\data\images1024x1024\01000\01897.png,C:\Users\student\ffhq-wrinkle-dataset\data\manual_wrinkle_masks\01897.png,"(1024, 1024)","(1024, 1024)",True,"[0, 255]",7317,1048576,0.006978034973144531
01953,C:\Users\student\ffhq-wrinkle-dataset\data\images1024x1024\01000\01953.png,C:\Users\student\ffhq-wrinkle-dataset\data\manual_wrinkle_masks\01953.png,"(1024, 1024)","(1024, 1024)",True,"[0, 255]",7150,1048576,0.0068187713623046875
01966,C:\Users\student\ffhq-wrinkle-dataset\data\images1024x1024\01000\01966.png,C:\Users\student\ffhq-wrinkle-dataset\data\manual_wrinkle_masks\01966.png,"(1024, 1024)","(1024, 1024)",True,"[0, 255]",1391,1048576,0.0013265609741210938
01984,C:\Users\student\ffhq-wrinkle-dataset\data\images1024x1024\01000\01984.png,C:\Users\student\ffhq-wrinkle-dataset\data\manual_wrinkle_masks\01984.png,"(1024, 1024)","(1024, 1024)",True,"[0, 255]",3629,1048576,0.0034608840942382812
01994,C:\Users\student\ffhq-wrinkle-dataset\data\images1024x1024\01000\01994.png,C:\Users\student\ffhq-wrinkle-dataset\data\manual_wrinkle_masks\01994.png,"(1024, 1024)","(1024, 1024)",True,"[0, 255]",7740,1048576,0.007381439208984375
02011,C:\Users\student\ffhq-wrinkle-dataset\data\images1024x1024\02000\02011.png,C:\Users\student\ffhq-wrinkle-dataset\data\manual_wrinkle_masks\02011.png,"(1024, 1024)","(1024, 1024)",True,"[0, 255]",4815,1048576,0.004591941833496094
02016,C:\Users\student\ffhq-wrinkle-dataset\data\images1024x1024\02000\02016.png,C:\Users\student\ffhq-wrinkle-dataset\data\manual_wrinkle_masks\02016.png,"(1024, 1024)","(1024, 1024)",True,"[0, 255]",2877,1048576,0.0027437210083007812
02017,C:\Users\student\ffhq-wrinkle-dataset\data\images1024x1024\02000\02017.png,C:\Users\student\ffhq-wrinkle-dataset\data\manual_wrinkle_masks\02017.png,"(1024, 1024)","(1024, 1024)",True,"[0, 255]",23975,1048576,0.022864341735839844
02042,C:\Users\student\ffhq-wrinkle-dataset\data\images1024x1024\02000\02042.png,C:\Users\student\ffhq-wrinkle-dataset\data\manual_wrinkle_masks\02042.png,"(1024, 1024)","(1024, 1024)",True,"[0, 255]",8099,1048576,0.007723808288574219
02045,C:\Users\student\ffhq-wrinkle-dataset\data\images1024x1024\02000\02045.png,C:\Users\student\ffhq-wrinkle-dataset\data\manual_wrinkle_masks\02045.png,"(1024, 1024)","(1024, 1024)",True,"[0, 255]",13515,1048576,0.012888908386230469
03001,C:\Users\student\ffhq-wrinkle-dataset\data\images1024x1024\03000\03001.png,C:\Users\student\ffhq-wrinkle-dataset\data\manual_wrinkle_masks\03001.png,"(1024, 1024)","(1024, 1024)",True,"[0, 255]",9673,1048576,0.009224891662597656
03006,C:\Users\student\ffhq-wrinkle-dataset\data\images1024x1024\03000\03006.png,C:\Users\student\ffhq-wrinkle-dataset\data\manual_wrinkle_masks\03006.png,"(1024, 1024)","(1024, 1024)",True,"[0, 255]",4801,1048576,0.004578590393066406
03012,C:\Users\student\ffhq-wrinkle-dataset\data\images1024x1024\03000\03012.png,C:\Users\student\ffhq-wrinkle-dataset\data\manual_wrinkle_masks\03012.png,"(1024, 1024)","(1024, 1024)",True,"[0, 255]",4869,1048576,0.004643440246582031
03013,C:\Users\student\ffhq-wrinkle-dataset\data\images1024x1024\03000\03013.png,C:\Users\student\ffhq-wrinkle-dataset\data\manual_wrinkle_masks\03013.png,"(1024, 1024)","(1024, 1024)",True,"[0, 255]",16042,1048576,0.015298843383789062
03018,C:\Users\student\ffhq-wrinkle-dataset\data\images1024x1024\03000\03018.png,C:\Users\student\ffhq-wrinkle-dataset\data\manual_wrinkle_masks\03018.png,"(1024, 1024)","(1024, 1024)",True,"[0, 255]",2503,1048576,0.0023870468139648438
03020,C:\Users\student\ffhq-wrinkle-dataset\data\images1024x1024\03000\03020.png,C:\Users\student\ffhq-wrinkle-dataset\data\manual_wrinkle_masks\03020.png,"(1024, 1024)","(1024, 1024)",True,"[0, 255]",30898,1048576,0.029466629028320312
03025,C:\Users\student\ffhq-wrinkle-dataset\data\images1024x1024\03000\03025.png,C:\Users\student\ffhq-wrinkle-dataset\data\manual_wrinkle_masks\03025.png,"(1024, 1024)","(1024, 1024)",True,"[0, 255]",11893,1048576,0.011342048645019531
03027,C:\Users\student\ffhq-wrinkle-dataset\data\images1024x1024\03000\03027.png,C:\Users\student\ffhq-wrinkle-dataset\data\manual_wrinkle_masks\03027.png,"(1024, 1024)","(1024, 1024)",True,"[0, 255]",4226,1048576,0.0040302276611328125
03029,C:\Users\student\ffhq-wrinkle-dataset\data\images1024x1024\03000\03029.png,C:\Users\student\ffhq-wrinkle-dataset\data\manual_wrinkle_masks\03029.png,"(1024, 1024)","(1024, 1024)",True,"[0, 255]",3546,1048576,0.0033817291259765625
03033,C:\Users\student\ffhq-wrinkle-dataset\data\images1024x1024\03000\03033.png,C:\Users\student\ffhq-wrinkle-dataset\data\manual_wrinkle_masks\03033.png,"(1024, 1024)","(1024, 1024)",True,"[0, 255]",14651,1048576,0.013972282409667969
03034,C:\Users\student\ffhq-wrinkle-dataset\data\images1024x1024\03000\03034.png,C:\Users\student\ffhq-wrinkle-dataset\data\manual_wrinkle_masks\03034.png,"(1024, 1024)","(1024, 1024)",True,"[0, 255]",8820,1048576,0.008411407470703125
03035,C:\Users\student\ffhq-wrinkle-dataset\data\images1024x1024\03000\03035.png,C:\Users\student\ffhq-wrinkle-dataset\data\manual_wrinkle_masks\03035.png,"(1024, 1024)","(1024, 1024)",True,"[0, 255]",15768,1048576,0.01503753662109375
03036,C:\Users\student\ffhq-wrinkle-dataset\data\images1024x1024\03000\03036.png,C:\Users\student\ffhq-wrinkle-dataset\data\manual_wrinkle_masks\03036.png,"(1024, 1024)","(1024, 1024)",True,"[0, 255]",8934,1048576,0.008520126342773438
03039,C:\Users\student\ffhq-wrinkle-dataset\data\images1024x1024\03000\03039.png,C:\Users\student\ffhq-wrinkle-dataset\data\manual_wrinkle_masks\03039.png,"(1024, 1024)","(1024, 1024)",True,"[0, 255]",9393,1048576,0.008957862854003906
03044,C:\Users\student\ffhq-wrinkle-dataset\data\images1024x1024\03000\03044.png,C:\Users\student\ffhq-wrinkle-dataset\data\manual_wrinkle_masks\03044.png,"(1024, 1024)","(1024, 1024)",True,"[0, 255]",7173,1048576,0.006840705871582031
03049,C:\Users\student\ffhq-wrinkle-dataset\data\images1024x1024\03000\03049.png,C:\Users\student\ffhq-wrinkle-dataset\data\manual_wrinkle_masks\03049.png,"(1024, 1024)","(1024, 1024)",True,"[0, 255]",10310,1048576,0.009832382202148438
03053,C:\Users\student\ffhq-wrinkle-dataset\data\images1024x1024\03000\03053.png,C:\Users\student\ffhq-wrinkle-dataset\data\manual_wrinkle_masks\03053.png,"(1024, 1024)","(1024, 1024)",True,"[0, 255]",8693,1048576,0.008290290832519531
03055,C:\Users\student\ffhq-wrinkle-dataset\data\images1024x1024\03000\03055.png,C:\Users\student\ffhq-wrinkle-dataset\data\manual_wrinkle_masks\03055.png,"(1024, 1024)","(1024, 1024)",True,"[0, 255]",12404,1048576,0.011829376220703125
03057,C:\Users\student\ffhq-wrinkle-dataset\data\images1024x1024\03000\03057.png,C:\Users\student\ffhq-wrinkle-dataset\data\manual_wrinkle_masks\03057.png,"(1024, 1024)","(1024, 1024)",True,"[0, 255]",7247,1048576,0.006911277770996094
03058,C:\Users\student\ffhq-wrinkle-dataset\data\images1024x1024\03000\03058.png,C:\Users\student\ffhq-wrinkle-dataset\data\manual_wrinkle_masks\03058.png,"(1024, 1024)","(1024, 1024)",True,"[0, 255]",6303,1048576,0.006011009216308594
03059,C:\Users\student\ffhq-wrinkle-dataset\data\images1024x1024\03000\03059.png,C:\Users\student\ffhq-wrinkle-dataset\data\manual_wrinkle_masks\03059.png,"(1024, 1024)","(1024, 1024)",True,"[0, 255]",2802,1048576,0.0026721954345703125
03062,C:\Users\student\ffhq-wrinkle-dataset\data\images1024x1024\03000\03062.png,C:\Users\student\ffhq-wrinkle-dataset\data\manual_wrinkle_masks\03062.png,"(1024, 1024)","(1024, 1024)",True,"[0, 255]",14426,1048576,0.013757705688476562
03063,C:\Users\student\ffhq-wrinkle-dataset\data\images1024x1024\03000\03063.png,C:\Users\student\ffhq-wrinkle-dataset\data\manual_wrinkle_masks\03063.png,"(1024, 1024)","(1024, 1024)",True,"[0, 255]",6475,1048576,0.006175041198730469
03065,C:\Users\student\ffhq-wrinkle-dataset\data\images1024x1024\03000\03065.png,C:\Users\student\ffhq-wrinkle-dataset\data\manual_wrinkle_masks\03065.png,"(1024, 1024)","(1024, 1024)",True,"[0, 255]",3787,1048576,0.0036115646362304688
03068,C:\Users\student\ffhq-wrinkle-dataset\data\images1024x1024\03000\03068.png,C:\Users\student\ffhq-wrinkle-dataset\data\manual_wrinkle_masks\03068.png,"(1024, 1024)","(1024, 1024)",True,"[0, 255]",4772,1048576,0.004550933837890625
03069,C:\Users\student\ffhq-wrinkle-dataset\data\images1024x1024\03000\03069.png,C:\Users\student\ffhq-wrinkle-dataset\data\manual_wrinkle_masks\03069.png,"(1024, 1024)","(1024, 1024)",True,"[0, 255]",4680,1048576,0.00446319580078125
03071,C:\Users\student\ffhq-wrinkle-dataset\data\images1024x1024\03000\03071.png,C:\Users\student\ffhq-wrinkle-dataset\data\manual_wrinkle_masks\03071.png,"(1024, 1024)","(1024, 1024)",True,"[0, 255]",7464,1048576,0.00711822509765625
03073,C:\Users\student\ffhq-wrinkle-dataset\data\images1024x1024\03000\03073.png,C:\Users\student\ffhq-wrinkle-dataset\data\manual_wrinkle_masks\03073.png,"(1024, 1024)","(1024, 1024)",True,"[0, 255]",5317,1048576,0.005070686340332031
03076,C:\Users\student\ffhq-wrinkle-dataset\data\images1024x1024\03000\03076.png,C:\Users\student\ffhq-wrinkle-dataset\data\manual_wrinkle_masks\03076.png,"(1024, 1024)","(1024, 1024)",True,"[0, 255]",6575,1048576,0.006270408630371094
03077,C:\Users\student\ffhq-wrinkle-dataset\data\images1024x1024\03000\03077.png,C:\Users\student\ffhq-wrinkle-dataset\data\manual_wrinkle_masks\03077.png,"(1024, 1024)","(1024, 1024)",True,"[0, 255]",13846,1048576,0.013204574584960938
03078,C:\Users\student\ffhq-wrinkle-dataset\data\images1024x1024\03000\03078.png,C:\Users\student\ffhq-wrinkle-dataset\data\manual_wrinkle_masks\03078.png,"(1024, 1024)","(1024, 1024)",True,"[0, 255]",6960,1048576,0.0066375732421875
03080,C:\Users\student\ffhq-wrinkle-dataset\data\images1024x1024\03000\03080.png,C:\Users\student\ffhq-wrinkle-dataset\data\manual_wrinkle_masks\03080.png,"(1024, 1024)","(1024, 1024)",True,"[0, 255]",6474,1048576,0.0061740875244140625
03082,C:\Users\student\ffhq-wrinkle-dataset\data\images1024x1024\03000\03082.png,C:\Users\student\ffhq-wrinkle-dataset\data\manual_wrinkle_masks\03082.png,"(1024, 1024)","(1024, 1024)",True,"[0, 255]",8906,1048576,0.008493423461914062
03084,C:\Users\student\ffhq-wrinkle-dataset\data\images1024x1024\03000\03084.png,C:\Users\student\ffhq-wrinkle-dataset\data\manual_wrinkle_masks\03084.png,"(1024, 1024)","(1024, 1024)",True,"[0, 255]",7345,1048576,0.007004737854003906
03088,C:\Users\student\ffhq-wrinkle-dataset\data\images1024x1024\03000\03088.png,C:\Users\student\ffhq-wrinkle-dataset\data\manual_wrinkle_masks\03088.png,"(1024, 1024)","(1024, 1024)",True,"[0, 255]",5444,1048576,0.005191802978515625
03099,C:\Users\student\ffhq-wrinkle-dataset\data\images1024x1024\03000\03099.png,C:\Users\student\ffhq-wrinkle-dataset\data\manual_wrinkle_masks\03099.png,"(1024, 1024)","(1024, 1024)",True,"[0, 255]",9444,1048576,0.009006500244140625
03102,C:\Users\student\ffhq-wrinkle-dataset\data\images1024x1024\03000\03102.png,C:\Users\student\ffhq-wrinkle-dataset\data\manual_wrinkle_masks\03102.png,"(1024, 1024)","(1024, 1024)",True,"[0, 255]",21230,1048576,0.020246505737304688
03110,C:\Users\student\ffhq-wrinkle-dataset\data\images1024x1024\03000\03110.png,C:\Users\student\ffhq-wrinkle-dataset\data\manual_wrinkle_masks\03110.png,"(1024, 1024)","(1024, 1024)",True,"[0, 255]",19745,1048576,0.018830299377441406
03111,C:\Users\student\ffhq-wrinkle-dataset\data\images1024x1024\03000\03111.png,C:\Users\student\ffhq-wrinkle-dataset\data\manual_wrinkle_masks\03111.png,"(1024, 1024)","(1024, 1024)",True,"[0, 255]",20025,1048576,0.019097328186035156
03116,C:\Users\student\ffhq-wrinkle-dataset\data\images1024x1024\03000\03116.png,C:\Users\student\ffhq-wrinkle-dataset\data\manual_wrinkle_masks\03116.png,"(1024, 1024)","(1024, 1024)",True,"[0, 255]",15185,1048576,0.014481544494628906
03118,C:\Users\student\ffhq-wrinkle-dataset\data\images1024x1024\03000\03118.png,C:\Users\student\ffhq-wrinkle-dataset\data\manual_wrinkle_masks\03118.png,"(1024, 1024)","(1024, 1024)",True,"[0, 255]",7952,1048576,0.0075836181640625
03119,C:\Users\student\ffhq-wrinkle-dataset\data\images1024x1024\03000\03119.png,C:\Users\student\ffhq-wrinkle-dataset\data\manual_wrinkle_masks\03119.png,"(1024, 1024)","(1024, 1024)",True,"[0, 255]",15189,1048576,0.014485359191894531
03120,C:\Users\student\ffhq-wrinkle-dataset\data\images1024x1024\03000\03120.png,C:\Users\student\ffhq-wrinkle-dataset\data\manual_wrinkle_masks\03120.png,"(1024, 1024)","(1024, 1024)",True,"[0, 255]",18359,1048576,0.017508506774902344
03121,C:\Users\student\ffhq-wrinkle-dataset\data\images1024x1024\03000\03121.png,C:\Users\student\ffhq-wrinkle-dataset\data\manual_wrinkle_masks\03121.png,"(1024, 1024)","(1024, 1024)",True,"[0, 255]",13645,1048576,0.013012886047363281
03122,C:\Users\student\ffhq-wrinkle-dataset\data\images1024x1024\03000\03122.png,C:\Users\student\ffhq-wrinkle-dataset\data\manual_wrinkle_masks\03122.png,"(1024, 1024)","(1024, 1024)",True,"[0, 255]",8488,1048576,0.00809478759765625
03126,C:\Users\student\ffhq-wrinkle-dataset\data\images1024x1024\03000\03126.png,C:\Users\student\ffhq-wrinkle-dataset\data\manual_wrinkle_masks\03126.png,"(1024, 1024)","(1024, 1024)",True,"[0, 255]",17337,1048576,0.016533851623535156
03127,C:\Users\student\ffhq-wrinkle-dataset\data\images1024x1024\03000\03127.png,C:\Users\student\ffhq-wrinkle-dataset\data\manual_wrinkle_masks\03127.png,"(1024, 1024)","(1024, 1024)",True,"[0, 255]",4749,1048576,0.004528999328613281
03128,C:\Users\student\ffhq-wrinkle-dataset\data\images1024x1024\03000\03128.png,C:\Users\student\ffhq-wrinkle-dataset\data\manual_wrinkle_masks\03128.png,"(1024, 1024)","(1024, 1024)",True,"[0, 255]",5367,1048576,0.005118370056152344
03129,C:\Users\student\ffhq-wrinkle-dataset\data\images1024x1024\03000\03129.png,C:\Users\student\ffhq-wrinkle-dataset\data\manual_wrinkle_masks\03129.png,"(1024, 1024)","(1024, 1024)",True,"[0, 255]",1476,1048576,0.001407623291015625
03131,C:\Users\student\ffhq-wrinkle-dataset\data\images1024x1024\03000\03131.png,C:\Users\student\ffhq-wrinkle-dataset\data\manual_wrinkle_masks\03131.png,"(1024, 1024)","(1024, 1024)",True,"[0, 255]",7592,1048576,0.00724029541015625
03132,C:\Users\student\ffhq-wrinkle-dataset\data\images1024x1024\03000\03132.png,C:\Users\student\ffhq-wrinkle-dataset\data\manual_wrinkle_masks\03132.png,"(1024, 1024)","(1024, 1024)",True,"[0, 255]",4148,1048576,0.003955841064453125
03133,C:\Users\student\ffhq-wrinkle-dataset\data\images1024x1024\03000\03133.png,C:\Users\student\ffhq-wrinkle-dataset\data\manual_wrinkle_masks\03133.png,"(1024, 1024)","(1024, 1024)",True,"[0, 255]",20870,1048576,0.019903182983398438
03134,C:\Users\student\ffhq-wrinkle-dataset\data\images1024x1024\03000\03134.png,C:\Users\student\ffhq-wrinkle-dataset\data\manual_wrinkle_masks\03134.png,"(1024, 1024)","(1024, 1024)",True,"[0, 255]",5760,1048576,0.0054931640625
03135,C:\Users\student\ffhq-wrinkle-dataset\data\images1024x1024\03000\03135.png,C:\Users\student\ffhq-wrinkle-dataset\data\manual_wrinkle_masks\03135.png,"(1024, 1024)","(1024, 1024)",True,"[0, 255]",1366,1048576,0.0013027191162109375
03138,C:\Users\student\ffhq-wrinkle-dataset\data\images1024x1024\03000\03138.png,C:\Users\student\ffhq-wrinkle-dataset\data\manual_wrinkle_masks\03138.png,"(1024, 1024)","(1024, 1024)",True,"[0, 255]",12855,1048576,0.012259483337402344
03140,C:\Users\student\ffhq-wrinkle-dataset\data\images1024x1024\03000\03140.png,C:\Users\student\ffhq-wrinkle-dataset\data\manual_wrinkle_masks\03140.png,"(1024, 1024)","(1024, 1024)",True,"[0, 255]",4657,1048576,0.004441261291503906
03142,C:\Users\student\ffhq-wrinkle-dataset\data\images1024x1024\03000\03142.png,C:\Users\student\ffhq-wrinkle-dataset\data\manual_wrinkle_masks\03142.png,"(1024, 1024)","(1024, 1024)",True,"[0, 255]",4776,1048576,0.00455474853515625
03143,C:\Users\student\ffhq-wrinkle-dataset\data\images1024x1024\03000\03143.png,C:\Users\student\ffhq-wrinkle-dataset\data\manual_wrinkle_masks\03143.png,"(1024, 1024)","(1024, 1024)",True,"[0, 255]",3072,1048576,0.0029296875
03146,C:\Users\student\ffhq-wrinkle-dataset\data\images1024x1024\03000\03146.png,C:\Users\student\ffhq-wrinkle-dataset\data\manual_wrinkle_masks\03146.png,"(1024, 1024)","(1024, 1024)",True,"[0, 255]",4928,1048576,0.00469970703125
03148,C:\Users\student\ffhq-wrinkle-dataset\data\images1024x1024\03000\03148.png,C:\Users\student\ffhq-wrinkle-dataset\data\manual_wrinkle_masks\03148.png,"(1024, 1024)","(1024, 1024)",True,"[0, 255]",5078,1048576,0.0048427581787109375
03149,C:\Users\student\ffhq-wrinkle-dataset\data\images1024x1024\03000\03149.png,C:\Users\student\ffhq-wrinkle-dataset\data\manual_wrinkle_masks\03149.png,"(1024, 1024)","(1024, 1024)",True,"[0, 255]",1455,1048576,0.0013875961303710938
03150,C:\Users\student\ffhq-wrinkle-dataset\data\images1024x1024\03000\03150.png,C:\Users\student\ffhq-wrinkle-dataset\data\manual_wrinkle_masks\03150.png,"(1024, 1024)","(1024, 1024)",True,"[0, 255]",1457,1048576,0.0013895034790039062
03151,C:\Users\student\ffhq-wrinkle-dataset\data\images1024x1024\03000\03151.png,C:\Users\student\ffhq-wrinkle-dataset\data\manual_wrinkle_masks\03151.png,"(1024, 1024)","(1024, 1024)",True,"[0, 255]",1436,1048576,0.001369476318359375
03154,C:\Users\student\ffhq-wrinkle-dataset\data\images1024x1024\03000\03154.png,C:\Users\student\ffhq-wrinkle-dataset\data\manual_wrinkle_masks\03154.png,"(1024, 1024)","(1024, 1024)",True,"[0, 255]",4992,1048576,0.0047607421875
03156,C:\Users\student\ffhq-wrinkle-dataset\data\images1024x1024\03000\03156.png,C:\Users\student\ffhq-wrinkle-dataset\data\manual_wrinkle_masks\03156.png,"(1024, 1024)","(1024, 1024)",True,"[0, 255]",9797,1048576,0.009343147277832031
03157,C:\Users\student\ffhq-wrinkle-dataset\data\images1024x1024\03000\03157.png,C:\Users\student\ffhq-wrinkle-dataset\data\manual_wrinkle_masks\03157.png,"(1024, 1024)","(1024, 1024)",True,"[0, 255]",18230,1048576,0.017385482788085938
03159,C:\Users\student\ffhq-wrinkle-dataset\data\images1024x1024\03000\03159.png,C:\Users\student\ffhq-wrinkle-dataset\data\manual_wrinkle_masks\03159.png,"(1024, 1024)","(1024, 1024)",True,"[0, 255]",24650,1048576,0.023508071899414062
03162,C:\Users\student\ffhq-wrinkle-dataset\data\images1024x1024\03000\03162.png,C:\Users\student\ffhq-wrinkle-dataset\data\manual_wrinkle_masks\03162.png,"(1024, 1024)","(1024, 1024)",True,"[0, 255]",6386,1048576,0.0060901641845703125
03164,C:\Users\student\ffhq-wrinkle-dataset\data\images1024x1024\03000\03164.png,C:\Users\student\ffhq-wrinkle-dataset\data\manual_wrinkle_masks\03164.png,"(1024, 1024)","(1024, 1024)",True,"[0, 255]",3018,1048576,0.0028781890869140625
03165,C:\Users\student\ffhq-wrinkle-dataset\data\images1024x1024\03000\03165.png,C:\Users\student\ffhq-wrinkle-dataset\data\manual_wrinkle_masks\03165.png,"(1024, 1024)","(1024, 1024)",True,"[0, 255]",1149,1048576,0.0010957717895507812
03166,C:\Users\student\ffhq-wrinkle-dataset\data\images1024x1024\03000\03166.png,C:\Users\student\ffhq-wrinkle-dataset\data\manual_wrinkle_masks\03166.png,"(1024, 1024)","(1024, 1024)",True,"[0, 255]",4909,1048576,0.004681587219238281
03167,C:\Users\student\ffhq-wrinkle-dataset\data\images1024x1024\03000\03167.png,C:\Users\student\ffhq-wrinkle-dataset\data\manual_wrinkle_masks\03167.png,"(1024, 1024)","(1024, 1024)",True,"[0, 255]",9784,1048576,0.00933074951171875
03173,C:\Users\student\ffhq-wrinkle-dataset\data\images1024x1024\03000\03173.png,C:\Users\student\ffhq-wrinkle-dataset\data\manual_wrinkle_masks\03173.png,"(1024, 1024)","(1024, 1024)",True,"[0, 255]",3368,1048576,0.00321197509765625
03175,C:\Users\student\ffhq-wrinkle-dataset\data\images1024x1024\03000\03175.png,C:\Users\student\ffhq-wrinkle-dataset\data\manual_wrinkle_masks\03175.png,"(1024, 1024)","(1024, 1024)",True,"[0, 255]",3558,1048576,0.0033931732177734375
03176,C:\Users\student\ffhq-wrinkle-dataset\data\images1024x1024\03000\03176.png,C:\Users\student\ffhq-wrinkle-dataset\data\manual_wrinkle_masks\03176.png,"(1024, 1024)","(1024, 1024)",True,"[0, 255]",9518,1048576,0.009077072143554688
03177,C:\Users\student\ffhq-wrinkle-dataset\data\images1024x1024\03000\03177.png,C:\Users\student\ffhq-wrinkle-dataset\data\manual_wrinkle_masks\03177.png,"(1024, 1024)","(1024, 1024)",True,"[0, 255]",8012,1048576,0.007640838623046875
03179,C:\Users\student\ffhq-wrinkle-dataset\data\images1024x1024\03000\03179.png,C:\Users\student\ffhq-wrinkle-dataset\data\manual_wrinkle_masks\03179.png,"(1024, 1024)","(1024, 1024)",True,"[0, 255]",16622,1048576,0.015851974487304688
03180,C:\Users\student\ffhq-wrinkle-dataset\data\images1024x1024\03000\03180.png,C:\Users\student\ffhq-wrinkle-dataset\data\manual_wrinkle_masks\03180.png,"(1024, 1024)","(1024, 1024)",True,"[0, 255]",3842,1048576,0.0036640167236328125
03181,C:\Users\student\ffhq-wrinkle-dataset\data\images1024x1024\03000\03181.png,C:\Users\student\ffhq-wrinkle-dataset\data\manual_wrinkle_masks\03181.png,"(1024, 1024)","(1024, 1024)",True,"[0, 255]",2896,1048576,0.0027618408203125
03182,C:\Users\student\ffhq-wrinkle-dataset\data\images1024x1024\03000\03182.png,C:\Users\student\ffhq-wrinkle-dataset\data\manual_wrinkle_masks\03182.png,"(1024, 1024)","(1024, 1024)",True,"[0, 255]",5788,1048576,0.005519866943359375
03183,C:\Users\student\ffhq-wrinkle-dataset\data\images1024x1024\03000\03183.png,C:\Users\student\ffhq-wrinkle-dataset\data\manual_wrinkle_masks\03183.png,"(1024, 1024)","(1024, 1024)",True,"[0, 255]",5107,1048576,0.004870414733886719
03184,C:\Users\student\ffhq-wrinkle-dataset\data\images1024x1024\03000\03184.png,C:\Users\student\ffhq-wrinkle-dataset\data\manual_wrinkle_masks\03184.png,"(1024, 1024)","(1024, 1024)",True,"[0, 255]",2446,1048576,0.0023326873779296875
03185,C:\Users\student\ffhq-wrinkle-dataset\data\images1024x1024\03000\03185.png,C:\Users\student\ffhq-wrinkle-dataset\data\manual_wrinkle_masks\03185.png,"(1024, 1024)","(1024, 1024)",True,"[0, 255]",10133,1048576,0.009663581848144531
03190,C:\Users\student\ffhq-wrinkle-dataset\data\images1024x1024\03000\03190.png,C:\Users\student\ffhq-wrinkle-dataset\data\manual_wrinkle_masks\03190.png,"(1024, 1024)","(1024, 1024)",True,"[0, 255]",7801,1048576,0.007439613342285156
03191,C:\Users\student\ffhq-wrinkle-dataset\data\images1024x1024\03000\03191.png,C:\Users\student\ffhq-wrinkle-dataset\data\manual_wrinkle_masks\03191.png,"(1024, 1024)","(1024, 1024)",True,"[0, 255]",11881,1048576,0.011330604553222656
03193,C:\Users\student\ffhq-wrinkle-dataset\data\images1024x1024\03000\03193.png,C:\Users\student\ffhq-wrinkle-dataset\data\manual_wrinkle_masks\03193.png,"(1024, 1024)","(1024, 1024)",True,"[0, 255]",18084,1048576,0.017246246337890625
03194,C:\Users\student\ffhq-wrinkle-dataset\data\images1024x1024\03000\03194.png,C:\Users\student\ffhq-wrinkle-dataset\data\manual_wrinkle_masks\03194.png,"(1024, 1024)","(1024, 1024)",True,"[0, 255]",2147,1048576,0.0020475387573242188
03198,C:\Users\student\ffhq-wrinkle-dataset\data\images1024x1024\03000\03198.png,C:\Users\student\ffhq-wrinkle-dataset\data\manual_wrinkle_masks\03198.png,"(1024, 1024)","(1024, 1024)",True,"[0, 255]",5819,1048576,0.005549430847167969
03199,C:\Users\student\ffhq-wrinkle-dataset\data\images1024x1024\03000\03199.png,C:\Users\student\ffhq-wrinkle-dataset\data\manual_wrinkle_masks\03199.png,"(1024, 1024)","(1024, 1024)",True,"[0, 255]",2562,1048576,0.0024433135986328125
03200,C:\Users\student\ffhq-wrinkle-dataset\data\images1024x1024\03000\03200.png,C:\Users\student\ffhq-wrinkle-dataset\data\manual_wrinkle_masks\03200.png,"(1024, 1024)","(1024, 1024)",True,"[0, 255]",5629,1048576,0.005368232727050781
03201,C:\Users\student\ffhq-wrinkle-dataset\data\images1024x1024\03000\03201.png,C:\Users\student\ffhq-wrinkle-dataset\data\manual_wrinkle_masks\03201.png,"(1024, 1024)","(1024, 1024)",True,"[0, 255]",2372,1048576,0.002262115478515625
03207,C:\Users\student\ffhq-wrinkle-dataset\data\images1024x1024\03000\03207.png,C:\Users\student\ffhq-wrinkle-dataset\data\manual_wrinkle_masks\03207.png,"(1024, 1024)","(1024, 1024)",True,"[0, 255]",7653,1048576,0.007298469543457031
03208,C:\Users\student\ffhq-wrinkle-dataset\data\images1024x1024\03000\03208.png,C:\Users\student\ffhq-wrinkle-dataset\data\manual_wrinkle_masks\03208.png,"(1024, 1024)","(1024, 1024)",True,"[0, 255]",5663,1048576,0.005400657653808594
03209,C:\Users\student\ffhq-wrinkle-dataset\data\images1024x1024\03000\03209.png,C:\Users\student\ffhq-wrinkle-dataset\data\manual_wrinkle_masks\03209.png,"(1024, 1024)","(1024, 1024)",True,"[0, 255]",8039,1048576,0.007666587829589844
03210,C:\Users\student\ffhq-wrinkle-dataset\data\images1024x1024\03000\03210.png,C:\Users\student\ffhq-wrinkle-dataset\data\manual_wrinkle_masks\03210.png,"(1024, 1024)","(1024, 1024)",True,"[0, 255]",5030,1048576,0.0047969818115234375
03212,C:\Users\student\ffhq-wrinkle-dataset\data\images1024x1024\03000\03212.png,C:\Users\student\ffhq-wrinkle-dataset\data\manual_wrinkle_masks\03212.png,"(1024, 1024)","(1024, 1024)",True,"[0, 255]",6316,1048576,0.006023406982421875
03213,C:\Users\student\ffhq-wrinkle-dataset\data\images1024x1024\03000\03213.png,C:\Users\student\ffhq-wrinkle-dataset\data\manual_wrinkle_masks\03213.png,"(1024, 1024)","(1024, 1024)",True,"[0, 255]",5121,1048576,0.004883766174316406
03214,C:\Users\student\ffhq-wrinkle-dataset\data\images1024x1024\03000\03214.png,C:\Users\student\ffhq-wrinkle-dataset\data\manual_wrinkle_masks\03214.png,"(1024, 1024)","(1024, 1024)",True,"[0, 255]",7163,1048576,0.006831169128417969
03215,C:\Users\student\ffhq-wrinkle-dataset\data\images1024x1024\03000\03215.png,C:\Users\student\ffhq-wrinkle-dataset\data\manual_wrinkle_masks\03215.png,"(1024, 1024)","(1024, 1024)",True,"[0, 255]",6322,1048576,0.0060291290283203125
03217,C:\Users\student\ffhq-wrinkle-dataset\data\images1024x1024\03000\03217.png,C:\Users\student\ffhq-wrinkle-dataset\data\manual_wrinkle_masks\03217.png,"(1024, 1024)","(1024, 1024)",True,"[0, 255]",6966,1048576,0.0066432952880859375
03218,C:\Users\student\ffhq-wrinkle-dataset\data\images1024x1024\03000\03218.png,C:\Users\student\ffhq-wrinkle-dataset\data\manual_wrinkle_masks\03218.png,"(1024, 1024)","(1024, 1024)",True,"[0, 255]",3880,1048576,0.00370025634765625
03219,C:\Users\student\ffhq-wrinkle-dataset\data\images1024x1024\03000\03219.png,C:\Users\student\ffhq-wrinkle-dataset\data\manual_wrinkle_masks\03219.png,"(1024, 1024)","(1024, 1024)",True,"[0, 255]",15199,1048576,0.014494895935058594
03224,C:\Users\student\ffhq-wrinkle-dataset\data\images1024x1024\03000\03224.png,C:\Users\student\ffhq-wrinkle-dataset\data\manual_wrinkle_masks\03224.png,"(1024, 1024)","(1024, 1024)",True,"[0, 255]",11947,1048576,0.011393547058105469
04000,C:\Users\student\ffhq-wrinkle-dataset\data\images1024x1024\04000\04000.png,C:\Users\student\ffhq-wrinkle-dataset\data\manual_wrinkle_masks\04000.png,"(1024, 1024)","(1024, 1024)",True,"[0, 255]",3033,1048576,0.0028924942016601562
04003,C:\Users\student\ffhq-wrinkle-dataset\data\images1024x1024\04000\04003.png,C:\Users\student\ffhq-wrinkle-dataset\data\manual_wrinkle_masks\04003.png,"(1024, 1024)","(1024, 1024)",True,"[0, 255]",3814,1048576,0.0036373138427734375
04004,C:\Users\student\ffhq-wrinkle-dataset\data\images1024x1024\04000\04004.png,C:\Users\student\ffhq-wrinkle-dataset\data\manual_wrinkle_masks\04004.png,"(1024, 1024)","(1024, 1024)",True,"[0, 255]",6090,1048576,0.0058078765869140625
04005,C:\Users\student\ffhq-wrinkle-dataset\data\images1024x1024\04000\04005.png,C:\Users\student\ffhq-wrinkle-dataset\data\manual_wrinkle_masks\04005.png,"(1024, 1024)","(1024, 1024)",True,"[0, 255]",2883,1048576,0.0027494430541992188
04006,C:\Users\student\ffhq-wrinkle-dataset\data\images1024x1024\04000\04006.png,C:\Users\student\ffhq-wrinkle-dataset\data\manual_wrinkle_masks\04006.png,"(1024, 1024)","(1024, 1024)",True,"[0, 255]",4190,1048576,0.0039958953857421875
04007,C:\Users\student\ffhq-wrinkle-dataset\data\images1024x1024\04000\04007.png,C:\Users\student\ffhq-wrinkle-dataset\data\manual_wrinkle_masks\04007.png,"(1024, 1024)","(1024, 1024)",True,"[0, 255]",1341,1048576,0.0012788772583007812
04008,C:\Users\student\ffhq-wrinkle-dataset\data\images1024x1024\04000\04008.png,C:\Users\student\ffhq-wrinkle-dataset\data\manual_wrinkle_masks\04008.png,"(1024, 1024)","(1024, 1024)",True,"[0, 255]",8638,1048576,0.008237838745117188
04009,C:\Users\student\ffhq-wrinkle-dataset\data\images1024x1024\04000\04009.png,C:\Users\student\ffhq-wrinkle-dataset\data\manual_wrinkle_masks\04009.png,"(1024, 1024)","(1024, 1024)",True,"[0, 255]",6698,1048576,0.0063877105712890625
04011,C:\Users\student\ffhq-wrinkle-dataset\data\images1024x1024\04000\04011.png,C:\Users\student\ffhq-wrinkle-dataset\data\manual_wrinkle_masks\04011.png,"(1024, 1024)","(1024, 1024)",True,"[0, 255]",8310,1048576,0.007925033569335938
04012,C:\Users\student\ffhq-wrinkle-dataset\data\images1024x1024\04000\04012.png,C:\Users\student\ffhq-wrinkle-dataset\data\manual_wrinkle_masks\04012.png,"(1024, 1024)","(1024, 1024)",True,"[0, 255]",4336,1048576,0.0041351318359375
04014,C:\Users\student\ffhq-wrinkle-dataset\data\images1024x1024\04000\04014.png,C:\Users\student\ffhq-wrinkle-dataset\data\manual_wrinkle_masks\04014.png,"(1024, 1024)","(1024, 1024)",True,"[0, 255]",1316,1048576,0.001255035400390625
04015,C:\Users\student\ffhq-wrinkle-dataset\data\images1024x1024\04000\04015.png,C:\Users\student\ffhq-wrinkle-dataset\data\manual_wrinkle_masks\04015.png,"(1024, 1024)","(1024, 1024)",True,"[0, 255]",3439,1048576,0.0032796859741210938
04017,C:\Users\student\ffhq-wrinkle-dataset\data\images1024x1024\04000\04017.png,C:\Users\student\ffhq-wrinkle-dataset\data\manual_wrinkle_masks\04017.png,"(1024, 1024)","(1024, 1024)",True,"[0, 255]",5668,1048576,0.005405426025390625
04019,C:\Users\student\ffhq-wrinkle-dataset\data\images1024x1024\04000\04019.png,C:\Users\student\ffhq-wrinkle-dataset\data\manual_wrinkle_masks\04019.png,"(1024, 1024)","(1024, 1024)",True,"[0, 255]",2537,1048576,0.0024194717407226562
04020,C:\Users\student\ffhq-wrinkle-dataset\data\images1024x1024\04000\04020.png,C:\Users\student\ffhq-wrinkle-dataset\data\manual_wrinkle_masks\04020.png,"(1024, 1024)","(1024, 1024)",True,"[0, 255]",1264,1048576,0.0012054443359375
04023,C:\Users\student\ffhq-wrinkle-dataset\data\images1024x1024\04000\04023.png,C:\Users\student\ffhq-wrinkle-dataset\data\manual_wrinkle_masks\04023.png,"(1024, 1024)","(1024, 1024)",True,"[0, 255]",1083,1048576,0.0010328292846679688
04024,C:\Users\student\ffhq-wrinkle-dataset\data\images1024x1024\04000\04024.png,C:\Users\student\ffhq-wrinkle-dataset\data\manual_wrinkle_masks\04024.png,"(1024, 1024)","(1024, 1024)",True,"[0, 255]",6145,1048576,0.005860328674316406
04027,C:\Users\student\ffhq-wrinkle-dataset\data\images1024x1024\04000\04027.png,C:\Users\student\ffhq-wrinkle-dataset\data\manual_wrinkle_masks\04027.png,"(1024, 1024)","(1024, 1024)",True,"[0, 255]",2807,1048576,0.0026769638061523438
04037,C:\Users\student\ffhq-wrinkle-dataset\data\images1024x1024\04000\04037.png,C:\Users\student\ffhq-wrinkle-dataset\data\manual_wrinkle_masks\04037.png,"(1024, 1024)","(1024, 1024)",True,"[0, 255]",3729,1048576,0.0035562515258789062
04047,C:\Users\student\ffhq-wrinkle-dataset\data\images1024x1024\04000\04047.png,C:\Users\student\ffhq-wrinkle-dataset\data\manual_wrinkle_masks\04047.png,"(1024, 1024)","(1024, 1024)",True,"[0, 255]",5365,1048576,0.005116462707519531
04051,C:\Users\student\ffhq-wrinkle-dataset\data\images1024x1024\04000\04051.png,C:\Users\student\ffhq-wrinkle-dataset\data\manual_wrinkle_masks\04051.png,"(1024, 1024)","(1024, 1024)",True,"[0, 255]",2097,1048576,0.0019998550415039062
04052,C:\Users\student\ffhq-wrinkle-dataset\data\images1024x1024\04000\04052.png,C:\Users\student\ffhq-wrinkle-dataset\data\manual_wrinkle_masks\04052.png,"(1024, 1024)","(1024, 1024)",True,"[0, 255]",5329,1048576,0.005082130432128906
04055,C:\Users\student\ffhq-wrinkle-dataset\data\images1024x1024\04000\04055.png,C:\Users\student\ffhq-wrinkle-dataset\data\manual_wrinkle_masks\04055.png,"(1024, 1024)","(1024, 1024)",True,"[0, 255]",4051,1048576,0.0038633346557617188
04057,C:\Users\student\ffhq-wrinkle-dataset\data\images1024x1024\04000\04057.png,C:\Users\student\ffhq-wrinkle-dataset\data\manual_wrinkle_masks\04057.png,"(1024, 1024)","(1024, 1024)",True,"[0, 255]",3342,1048576,0.0031871795654296875
04058,C:\Users\student\ffhq-wrinkle-dataset\data\images1024x1024\04000\04058.png,C:\Users\student\ffhq-wrinkle-dataset\data\manual_wrinkle_masks\04058.png,"(1024, 1024)","(1024, 1024)",True,"[0, 255]",5588,1048576,0.005329132080078125
04059,C:\Users\student\ffhq-wrinkle-dataset\data\images1024x1024\04000\04059.png,C:\Users\student\ffhq-wrinkle-dataset\data\manual_wrinkle_masks\04059.png,"(1024, 1024)","(1024, 1024)",True,"[0, 255]",1567,1048576,0.0014944076538085938
04060,C:\Users\student\ffhq-wrinkle-dataset\data\images1024x1024\04000\04060.png,C:\Users\student\ffhq-wrinkle-dataset\data\manual_wrinkle_masks\04060.png,"(1024, 1024)","(1024, 1024)",True,"[0, 255]",8043,1048576,0.007670402526855469
04061,C:\Users\student\ffhq-wrinkle-dataset\data\images1024x1024\04000\04061.png,C:\Users\student\ffhq-wrinkle-dataset\data\manual_wrinkle_masks\04061.png,"(1024, 1024)","(1024, 1024)",True,"[0, 255]",3291,1048576,0.0031385421752929688
04064,C:\Users\student\ffhq-wrinkle-dataset\data\images1024x1024\04000\04064.png,C:\Users\student\ffhq-wrinkle-dataset\data\manual_wrinkle_masks\04064.png,"(1024, 1024)","(1024, 1024)",True,"[0, 255]",1228,1048576,0.001171112060546875
04068,C:\Users\student\ffhq-wrinkle-dataset\data\images1024x1024\04000\04068.png,C:\Users\student\ffhq-wrinkle-dataset\data\manual_wrinkle_masks\04068.png,"(1024, 1024)","(1024, 1024)",True,"[0, 255]",10627,1048576,0.010134696960449219
04073,C:\Users\student\ffhq-wrinkle-dataset\data\images1024x1024\04000\04073.png,C:\Users\student\ffhq-wrinkle-dataset\data\manual_wrinkle_masks\04073.png,"(1024, 1024)","(1024, 1024)",True,"[0, 255]",5885,1048576,0.005612373352050781
04080,C:\Users\student\ffhq-wrinkle-dataset\data\images1024x1024\04000\04080.png,C:\Users\student\ffhq-wrinkle-dataset\data\manual_wrinkle_masks\04080.png,"(1024, 1024)","(1024, 1024)",True,"[0, 255]",4151,1048576,0.003958702087402344
04086,C:\Users\student\ffhq-wrinkle-dataset\data\images1024x1024\04000\04086.png,C:\Users\student\ffhq-wrinkle-dataset\data\manual_wrinkle_masks\04086.png,"(1024, 1024)","(1024, 1024)",True,"[0, 255]",5167,1048576,0.004927635192871094
04089,C:\Users\student\ffhq-wrinkle-dataset\data\images1024x1024\04000\04089.png,C:\Users\student\ffhq-wrinkle-dataset\data\manual_wrinkle_masks\04089.png,"(1024, 1024)","(1024, 1024)",True,"[0, 255]",4036,1048576,0.003849029541015625
04094,C:\Users\student\ffhq-wrinkle-dataset\data\images1024x1024\04000\04094.png,C:\Users\student\ffhq-wrinkle-dataset\data\manual_wrinkle_masks\04094.png,"(1024, 1024)","(1024, 1024)",True,"[0, 255]",10912,1048576,0.010406494140625
04095,C:\Users\student\ffhq-wrinkle-dataset\data\images1024x1024\04000\04095.png,C:\Users\student\ffhq-wrinkle-dataset\data\manual_wrinkle_masks\04095.png,"(1024, 1024)","(1024, 1024)",True,"[0, 255]",10230,1048576,0.009756088256835938
04098,C:\Users\student\ffhq-wrinkle-dataset\data\images1024x1024\04000\04098.png,C:\Users\student\ffhq-wrinkle-dataset\data\manual_wrinkle_masks\04098.png,"(1024, 1024)","(1024, 1024)",True,"[0, 255]",4837,1048576,0.004612922668457031
04100,C:\Users\student\ffhq-wrinkle-dataset\data\images1024x1024\04000\04100.png,C:\Users\student\ffhq-wrinkle-dataset\data\manual_wrinkle_masks\04100.png,"(1024, 1024)","(1024, 1024)",True,"[0, 255]",4436,1048576,0.004230499267578125
04101,C:\Users\student\ffhq-wrinkle-dataset\data\images1024x1024\04000\04101.png,C:\Users\student\ffhq-wrinkle-dataset\data\manual_wrinkle_masks\04101.png,"(1024, 1024)","(1024, 1024)",True,"[0, 255]",3904,1048576,0.00372314453125
04102,C:\Users\student\ffhq-wrinkle-dataset\data\images1024x1024\04000\04102.png,C:\Users\student\ffhq-wrinkle-dataset\data\manual_wrinkle_masks\04102.png,"(1024, 1024)","(1024, 1024)",True,"[0, 255]",1756,1048576,0.001674652099609375
04107,C:\Users\student\ffhq-wrinkle-dataset\data\images1024x1024\04000\04107.png,C:\Users\student\ffhq-wrinkle-dataset\data\manual_wrinkle_masks\04107.png,"(1024, 1024)","(1024, 1024)",True,"[0, 255]",4559,1048576,0.004347801208496094
04108,C:\Users\student\ffhq-wrinkle-dataset\data\images1024x1024\04000\04108.png,C:\Users\student\ffhq-wrinkle-dataset\data\manual_wrinkle_masks\04108.png,"(1024, 1024)","(1024, 1024)",True,"[0, 255]",4154,1048576,0.0039615631103515625
04109,C:\Users\student\ffhq-wrinkle-dataset\data\images1024x1024\04000\04109.png,C:\Users\student\ffhq-wrinkle-dataset\data\manual_wrinkle_masks\04109.png,"(1024, 1024)","(1024, 1024)",True,"[0, 255]",2140,1048576,0.002040863037109375
04111,C:\Users\student\ffhq-wrinkle-dataset\data\images1024x1024\04000\04111.png,C:\Users\student\ffhq-wrinkle-dataset\data\manual_wrinkle_masks\04111.png,"(1024, 1024)","(1024, 1024)",True,"[0, 255]",3342,1048576,0.0031871795654296875
04112,C:\Users\student\ffhq-wrinkle-dataset\data\images1024x1024\04000\04112.png,C:\Users\student\ffhq-wrinkle-dataset\data\manual_wrinkle_masks\04112.png,"(1024, 1024)","(1024, 1024)",True,"[0, 255]",7191,1048576,0.006857872009277344
04113,C:\Users\student\ffhq-wrinkle-dataset\data\images1024x1024\04000\04113.png,C:\Users\student\ffhq-wrinkle-dataset\data\manual_wrinkle_masks\04113.png,"(1024, 1024)","(1024, 1024)",True,"[0, 255]",3549,1048576,0.0033845901489257812
04114,C:\Users\student\ffhq-wrinkle-dataset\data\images1024x1024\04000\04114.png,C:\Users\student\ffhq-wrinkle-dataset\data\manual_wrinkle_masks\04114.png,"(1024, 1024)","(1024, 1024)",True,"[0, 255]",2124,1048576,0.002025604248046875
04120,C:\Users\student\ffhq-wrinkle-dataset\data\images1024x1024\04000\04120.png,C:\Users\student\ffhq-wrinkle-dataset\data\manual_wrinkle_masks\04120.png,"(1024, 1024)","(1024, 1024)",True,"[0, 255]",1599,1048576,0.0015249252319335938
04121,C:\Users\student\ffhq-wrinkle-dataset\data\images1024x1024\04000\04121.png,C:\Users\student\ffhq-wrinkle-dataset\data\manual_wrinkle_masks\04121.png,"(1024, 1024)","(1024, 1024)",True,"[0, 255]",9540,1048576,0.009098052978515625
04122,C:\Users\student\ffhq-wrinkle-dataset\data\images1024x1024\04000\04122.png,C:\Users\student\ffhq-wrinkle-dataset\data\manual_wrinkle_masks\04122.png,"(1024, 1024)","(1024, 1024)",True,"[0, 255]",3042,1048576,0.0029010772705078125
04123,C:\Users\student\ffhq-wrinkle-dataset\data\images1024x1024\04000\04123.png,C:\Users\student\ffhq-wrinkle-dataset\data\manual_wrinkle_masks\04123.png,"(1024, 1024)","(1024, 1024)",True,"[0, 255]",9063,1048576,0.008643150329589844
04124,C:\Users\student\ffhq-wrinkle-dataset\data\images1024x1024\04000\04124.png,C:\Users\student\ffhq-wrinkle-dataset\data\manual_wrinkle_masks\04124.png,"(1024, 1024)","(1024, 1024)",True,"[0, 255]",954,1048576,0.0009098052978515625
04125,C:\Users\student\ffhq-wrinkle-dataset\data\images1024x1024\04000\04125.png,C:\Users\student\ffhq-wrinkle-dataset\data\manual_wrinkle_masks\04125.png,"(1024, 1024)","(1024, 1024)",True,"[0, 255]",5949,1048576,0.005673408508300781
04129,C:\Users\student\ffhq-wrinkle-dataset\data\images1024x1024\04000\04129.png,C:\Users\student\ffhq-wrinkle-dataset\data\manual_wrinkle_masks\04129.png,"(1024, 1024)","(1024, 1024)",True,"[0, 255]",12375,1048576,0.011801719665527344
04132,C:\Users\student\ffhq-wrinkle-dataset\data\images1024x1024\04000\04132.png,C:\Users\student\ffhq-wrinkle-dataset\data\manual_wrinkle_masks\04132.png,"(1024, 1024)","(1024, 1024)",True,"[0, 255]",4976,1048576,0.0047454833984375
04138,C:\Users\student\ffhq-wrinkle-dataset\data\images1024x1024\04000\04138.png,C:\Users\student\ffhq-wrinkle-dataset\data\manual_wrinkle_masks\04138.png,"(1024, 1024)","(1024, 1024)",True,"[0, 255]",4371,1048576,0.004168510437011719
04141,C:\Users\student\ffhq-wrinkle-dataset\data\images1024x1024\04000\04141.png,C:\Users\student\ffhq-wrinkle-dataset\data\manual_wrinkle_masks\04141.png,"(1024, 1024)","(1024, 1024)",True,"[0, 255]",4325,1048576,0.004124641418457031
04142,C:\Users\student\ffhq-wrinkle-dataset\data\images1024x1024\04000\04142.png,C:\Users\student\ffhq-wrinkle-dataset\data\manual_wrinkle_masks\04142.png,"(1024, 1024)","(1024, 1024)",True,"[0, 255]",4399,1048576,0.004195213317871094
04143,C:\Users\student\ffhq-wrinkle-dataset\data\images1024x1024\04000\04143.png,C:\Users\student\ffhq-wrinkle-dataset\data\manual_wrinkle_masks\04143.png,"(1024, 1024)","(1024, 1024)",True,"[0, 255]",8649,1048576,0.008248329162597656
04144,C:\Users\student\ffhq-wrinkle-dataset\data\images1024x1024\04000\04144.png,C:\Users\student\ffhq-wrinkle-dataset\data\manual_wrinkle_masks\04144.png,"(1024, 1024)","(1024, 1024)",True,"[0, 255]",31308,1048576,0.029857635498046875
04145,C:\Users\student\ffhq-wrinkle-dataset\data\images1024x1024\04000\04145.png,C:\Users\student\ffhq-wrinkle-dataset\data\manual_wrinkle_masks\04145.png,"(1024, 1024)","(1024, 1024)",True,"[0, 255]",2614,1048576,0.0024929046630859375
04151,C:\Users\student\ffhq-wrinkle-dataset\data\images1024x1024\04000\04151.png,C:\Users\student\ffhq-wrinkle-dataset\data\manual_wrinkle_masks\04151.png,"(1024, 1024)","(1024, 1024)",True,"[0, 255]",4691,1048576,0.004473686218261719
04153,C:\Users\student\ffhq-wrinkle-dataset\data\images1024x1024\04000\04153.png,C:\Users\student\ffhq-wrinkle-dataset\data\manual_wrinkle_masks\04153.png,"(1024, 1024)","(1024, 1024)",True,"[0, 255]",12983,1048576,0.012381553649902344
04154,C:\Users\student\ffhq-wrinkle-dataset\data\images1024x1024\04000\04154.png,C:\Users\student\ffhq-wrinkle-dataset\data\manual_wrinkle_masks\04154.png,"(1024, 1024)","(1024, 1024)",True,"[0, 255]",2525,1048576,0.0024080276489257812
04156,C:\Users\student\ffhq-wrinkle-dataset\data\images1024x1024\04000\04156.png,C:\Users\student\ffhq-wrinkle-dataset\data\manual_wrinkle_masks\04156.png,"(1024, 1024)","(1024, 1024)",True,"[0, 255]",3403,1048576,0.0032453536987304688
04157,C:\Users\student\ffhq-wrinkle-dataset\data\images1024x1024\04000\04157.png,C:\Users\student\ffhq-wrinkle-dataset\data\manual_wrinkle_masks\04157.png,"(1024, 1024)","(1024, 1024)",True,"[0, 255]",6722,1048576,0.0064105987548828125
04158,C:\Users\student\ffhq-wrinkle-dataset\data\images1024x1024\04000\04158.png,C:\Users\student\ffhq-wrinkle-dataset\data\manual_wrinkle_masks\04158.png,"(1024, 1024)","(1024, 1024)",True,"[0, 255]",2310,1048576,0.0022029876708984375
04161,C:\Users\student\ffhq-wrinkle-dataset\data\images1024x1024\04000\04161.png,C:\Users\student\ffhq-wrinkle-dataset\data\manual_wrinkle_masks\04161.png,"(1024, 1024)","(1024, 1024)",True,"[0, 255]",12727,1048576,0.012137413024902344
04162,C:\Users\student\ffhq-wrinkle-dataset\data\images1024x1024\04000\04162.png,C:\Users\student\ffhq-wrinkle-dataset\data\manual_wrinkle_masks\04162.png,"(1024, 1024)","(1024, 1024)",True,"[0, 255]",738,1048576,0.0007038116455078125
04163,C:\Users\student\ffhq-wrinkle-dataset\data\images1024x1024\04000\04163.png,C:\Users\student\ffhq-wrinkle-dataset\data\manual_wrinkle_masks\04163.png,"(1024, 1024)","(1024, 1024)",True,"[0, 255]",7553,1048576,0.007203102111816406
04164,C:\Users\student\ffhq-wrinkle-dataset\data\images1024x1024\04000\04164.png,C:\Users\student\ffhq-wrinkle-dataset\data\manual_wrinkle_masks\04164.png,"(1024, 1024)","(1024, 1024)",True,"[0, 255]",3418,1048576,0.0032596588134765625
04165,C:\Users\student\ffhq-wrinkle-dataset\data\images1024x1024\04000\04165.png,C:\Users\student\ffhq-wrinkle-dataset\data\manual_wrinkle_masks\04165.png,"(1024, 1024)","(1024, 1024)",True,"[0, 255]",4440,1048576,0.00423431396484375
04166,C:\Users\student\ffhq-wrinkle-dataset\data\images1024x1024\04000\04166.png,C:\Users\student\ffhq-wrinkle-dataset\data\manual_wrinkle_masks\04166.png,"(1024, 1024)","(1024, 1024)",True,"[0, 255]",10524,1048576,0.010036468505859375
04167,C:\Users\student\ffhq-wrinkle-dataset\data\images1024x1024\04000\04167.png,C:\Users\student\ffhq-wrinkle-dataset\data\manual_wrinkle_masks\04167.png,"(1024, 1024)","(1024, 1024)",True,"[0, 255]",4271,1048576,0.004073143005371094
04171,C:\Users\student\ffhq-wrinkle-dataset\data\images1024x1024\04000\04171.png,C:\Users\student\ffhq-wrinkle-dataset\data\manual_wrinkle_masks\04171.png,"(1024, 1024)","(1024, 1024)",True,"[0, 255]",4353,1048576,0.004151344299316406
04174,C:\Users\student\ffhq-wrinkle-dataset\data\images1024x1024\04000\04174.png,C:\Users\student\ffhq-wrinkle-dataset\data\manual_wrinkle_masks\04174.png,"(1024, 1024)","(1024, 1024)",True,"[0, 255]",3220,1048576,0.003070831298828125
04176,C:\Users\student\ffhq-wrinkle-dataset\data\images1024x1024\04000\04176.png,C:\Users\student\ffhq-wrinkle-dataset\data\manual_wrinkle_masks\04176.png,"(1024, 1024)","(1024, 1024)",True,"[0, 255]",6932,1048576,0.006610870361328125
04179,C:\Users\student\ffhq-wrinkle-dataset\data\images1024x1024\04000\04179.png,C:\Users\student\ffhq-wrinkle-dataset\data\manual_wrinkle_masks\04179.png,"(1024, 1024)","(1024, 1024)",True,"[0, 255]",6910,1048576,0.0065898895263671875
04183,C:\Users\student\ffhq-wrinkle-dataset\data\images1024x1024\04000\04183.png,C:\Users\student\ffhq-wrinkle-dataset\data\manual_wrinkle_masks\04183.png,"(1024, 1024)","(1024, 1024)",True,"[0, 255]",2134,1048576,0.0020351409912109375
04185,C:\Users\student\ffhq-wrinkle-dataset\data\images1024x1024\04000\04185.png,C:\Users\student\ffhq-wrinkle-dataset\data\manual_wrinkle_masks\04185.png,"(1024, 1024)","(1024, 1024)",True,"[0, 255]",12809,1048576,0.012215614318847656
04189,C:\Users\student\ffhq-wrinkle-dataset\data\images1024x1024\04000\04189.png,C:\Users\student\ffhq-wrinkle-dataset\data\manual_wrinkle_masks\04189.png,"(1024, 1024)","(1024, 1024)",True,"[0, 255]",4167,1048576,0.003973960876464844
04191,C:\Users\student\ffhq-wrinkle-dataset\data\images1024x1024\04000\04191.png,C:\Users\student\ffhq-wrinkle-dataset\data\manual_wrinkle_masks\04191.png,"(1024, 1024)","(1024, 1024)",True,"[0, 255]",21800,1048576,0.02079010009765625
04196,C:\Users\student\ffhq-wrinkle-dataset\data\images1024x1024\04000\04196.png,C:\Users\student\ffhq-wrinkle-dataset\data\manual_wrinkle_masks\04196.png,"(1024, 1024)","(1024, 1024)",True,"[0, 255]",4843,1048576,0.004618644714355469
04197,C:\Users\student\ffhq-wrinkle-dataset\data\images1024x1024\04000\04197.png,C:\Users\student\ffhq-wrinkle-dataset\data\manual_wrinkle_masks\04197.png,"(1024, 1024)","(1024, 1024)",True,"[0, 255]",6437,1048576,0.006138801574707031
04199,C:\Users\student\ffhq-wrinkle-dataset\data\images1024x1024\04000\04199.png,C:\Users\student\ffhq-wrinkle-dataset\data\manual_wrinkle_masks\04199.png,"(1024, 1024)","(1024, 1024)",True,"[0, 255]",2880,1048576,0.00274658203125
04201,C:\Users\student\ffhq-wrinkle-dataset\data\images1024x1024\04000\04201.png,C:\Users\student\ffhq-wrinkle-dataset\data\manual_wrinkle_masks\04201.png,"(1024, 1024)","(1024, 1024)",True,"[0, 255]",4637,1048576,0.004422187805175781
04205,C:\Users\student\ffhq-wrinkle-dataset\data\images1024x1024\04000\04205.png,C:\Users\student\ffhq-wrinkle-dataset\data\manual_wrinkle_masks\04205.png,"(1024, 1024)","(1024, 1024)",True,"[0, 255]",14914,1048576,0.014223098754882812
04207,C:\Users\student\ffhq-wrinkle-dataset\data\images1024x1024\04000\04207.png,C:\Users\student\ffhq-wrinkle-dataset\data\manual_wrinkle_masks\04207.png,"(1024, 1024)","(1024, 1024)",True,"[0, 255]",5755,1048576,0.005488395690917969
04208,C:\Users\student\ffhq-wrinkle-dataset\data\images1024x1024\04000\04208.png,C:\Users\student\ffhq-wrinkle-dataset\data\manual_wrinkle_masks\04208.png,"(1024, 1024)","(1024, 1024)",True,"[0, 255]",3978,1048576,0.0037937164306640625
04216,C:\Users\student\ffhq-wrinkle-dataset\data\images1024x1024\04000\04216.png,C:\Users\student\ffhq-wrinkle-dataset\data\manual_wrinkle_masks\04216.png,"(1024, 1024)","(1024, 1024)",True,"[0, 255]",17322,1048576,0.016519546508789062
04218,C:\Users\student\ffhq-wrinkle-dataset\data\images1024x1024\04000\04218.png,C:\Users\student\ffhq-wrinkle-dataset\data\manual_wrinkle_masks\04218.png,"(1024, 1024)","(1024, 1024)",True,"[0, 255]",17483,1048576,0.01667308807373047
04219,C:\Users\student\ffhq-wrinkle-dataset\data\images1024x1024\04000\04219.png,C:\Users\student\ffhq-wrinkle-dataset\data\manual_wrinkle_masks\04219.png,"(1024, 1024)","(1024, 1024)",True,"[0, 255]",7674,1048576,0.0073184967041015625
04224,C:\Users\student\ffhq-wrinkle-dataset\data\images1024x1024\04000\04224.png,C:\Users\student\ffhq-wrinkle-dataset\data\manual_wrinkle_masks\04224.png,"(1024, 1024)","(1024, 1024)",True,"[0, 255]",2925,1048576,0.0027894973754882812
04225,C:\Users\student\ffhq-wrinkle-dataset\data\images1024x1024\04000\04225.png,C:\Users\student\ffhq-wrinkle-dataset\data\manual_wrinkle_masks\04225.png,"(1024, 1024)","(1024, 1024)",True,"[0, 255]",9051,1048576,0.008631706237792969
04227,C:\Users\student\ffhq-wrinkle-dataset\data\images1024x1024\04000\04227.png,C:\Users\student\ffhq-wrinkle-dataset\data\manual_wrinkle_masks\04227.png,"(1024, 1024)","(1024, 1024)",True,"[0, 255]",15949,1048576,0.015210151672363281
04232,C:\Users\student\ffhq-wrinkle-dataset\data\images1024x1024\04000\04232.png,C:\Users\student\ffhq-wrinkle-dataset\data\manual_wrinkle_masks\04232.png,"(1024, 1024)","(1024, 1024)",True,"[0, 255]",4685,1048576,0.004467964172363281
04233,C:\Users\student\ffhq-wrinkle-dataset\data\images1024x1024\04000\04233.png,C:\Users\student\ffhq-wrinkle-dataset\data\manual_wrinkle_masks\04233.png,"(1024, 1024)","(1024, 1024)",True,"[0, 255]",9326,1048576,0.008893966674804688
04234,C:\Users\student\ffhq-wrinkle-dataset\data\images1024x1024\04000\04234.png,C:\Users\student\ffhq-wrinkle-dataset\data\manual_wrinkle_masks\04234.png,"(1024, 1024)","(1024, 1024)",True,"[0, 255]",4824,1048576,0.00460052490234375
04235,C:\Users\student\ffhq-wrinkle-dataset\data\images1024x1024\04000\04235.png,C:\Users\student\ffhq-wrinkle-dataset\data\manual_wrinkle_masks\04235.png,"(1024, 1024)","(1024, 1024)",True,"[0, 255]",2536,1048576,0.00241851806640625
04238,C:\Users\student\ffhq-wrinkle-dataset\data\images1024x1024\04000\04238.png,C:\Users\student\ffhq-wrinkle-dataset\data\manual_wrinkle_masks\04238.png,"(1024, 1024)","(1024, 1024)",True,"[0, 255]",3070,1048576,0.0029277801513671875
04240,C:\Users\student\ffhq-wrinkle-dataset\data\images1024x1024\04000\04240.png,C:\Users\student\ffhq-wrinkle-dataset\data\manual_wrinkle_masks\04240.png,"(1024, 1024)","(1024, 1024)",True,"[0, 255]",21353,1048576,0.020363807678222656
04248,C:\Users\student\ffhq-wrinkle-dataset\data\images1024x1024\04000\04248.png,C:\Users\student\ffhq-wrinkle-dataset\data\manual_wrinkle_masks\04248.png,"(1024, 1024)","(1024, 1024)",True,"[0, 255]",8862,1048576,0.008451461791992188
04249,C:\Users\student\ffhq-wrinkle-dataset\data\images1024x1024\04000\04249.png,C:\Users\student\ffhq-wrinkle-dataset\data\manual_wrinkle_masks\04249.png,"(1024, 1024)","(1024, 1024)",True,"[0, 255]",1058,1048576,0.0010089874267578125
05001,C:\Users\student\ffhq-wrinkle-dataset\data\images1024x1024\05000\05001.png,C:\Users\student\ffhq-wrinkle-dataset\data\manual_wrinkle_masks\05001.png,"(1024, 1024)","(1024, 1024)",True,"[0, 255]",7669,1048576,0.007313728332519531
05006,C:\Users\student\ffhq-wrinkle-dataset\data\images1024x1024\05000\05006.png,C:\Users\student\ffhq-wrinkle-dataset\data\manual_wrinkle_masks\05006.png,"(1024, 1024)","(1024, 1024)",True,"[0, 255]",3945,1048576,0.0037622451782226562
05011,C:\Users\student\ffhq-wrinkle-dataset\data\images1024x1024\05000\05011.png,C:\Users\student\ffhq-wrinkle-dataset\data\manual_wrinkle_masks\05011.png,"(1024, 1024)","(1024, 1024)",True,"[0, 255]",3593,1048576,0.0034265518188476562
05015,C:\Users\student\ffhq-wrinkle-dataset\data\images1024x1024\05000\05015.png,C:\Users\student\ffhq-wrinkle-dataset\data\manual_wrinkle_masks\05015.png,"(1024, 1024)","(1024, 1024)",True,"[0, 255]",2516,1048576,0.002399444580078125
05017,C:\Users\student\ffhq-wrinkle-dataset\data\images1024x1024\05000\05017.png,C:\Users\student\ffhq-wrinkle-dataset\data\manual_wrinkle_masks\05017.png,"(1024, 1024)","(1024, 1024)",True,"[0, 255]",9784,1048576,0.00933074951171875
05021,C:\Users\student\ffhq-wrinkle-dataset\data\images1024x1024\05000\05021.png,C:\Users\student\ffhq-wrinkle-dataset\data\manual_wrinkle_masks\05021.png,"(1024, 1024)","(1024, 1024)",True,"[0, 255]",10149,1048576,0.009678840637207031
05025,C:\Users\student\ffhq-wrinkle-dataset\data\images1024x1024\05000\05025.png,C:\Users\student\ffhq-wrinkle-dataset\data\manual_wrinkle_masks\05025.png,"(1024, 1024)","(1024, 1024)",True,"[0, 255]",4194,1048576,0.0039997100830078125
05028,C:\Users\student\ffhq-wrinkle-dataset\data\images1024x1024\05000\05028.png,C:\Users\student\ffhq-wrinkle-dataset\data\manual_wrinkle_masks\05028.png,"(1024, 1024)","(1024, 1024)",True,"[0, 255]",3242,1048576,0.0030918121337890625
05031,C:\Users\student\ffhq-wrinkle-dataset\data\images1024x1024\05000\05031.png,C:\Users\student\ffhq-wrinkle-dataset\data\manual_wrinkle_masks\05031.png,"(1024, 1024)","(1024, 1024)",True,"[0, 255]",3565,1048576,0.0033998489379882812
05032,C:\Users\student\ffhq-wrinkle-dataset\data\images1024x1024\05000\05032.png,C:\Users\student\ffhq-wrinkle-dataset\data\manual_wrinkle_masks\05032.png,"(1024, 1024)","(1024, 1024)",True,"[0, 255]",16926,1048576,0.016141891479492188
05036,C:\Users\student\ffhq-wrinkle-dataset\data\images1024x1024\05000\05036.png,C:\Users\student\ffhq-wrinkle-dataset\data\manual_wrinkle_masks\05036.png,"(1024, 1024)","(1024, 1024)",True,"[0, 255]",8276,1048576,0.007892608642578125
05037,C:\Users\student\ffhq-wrinkle-dataset\data\images1024x1024\05000\05037.png,C:\Users\student\ffhq-wrinkle-dataset\data\manual_wrinkle_masks\05037.png,"(1024, 1024)","(1024, 1024)",True,"[0, 255]",6314,1048576,0.0060214996337890625
05039,C:\Users\student\ffhq-wrinkle-dataset\data\images1024x1024\05000\05039.png,C:\Users\student\ffhq-wrinkle-dataset\data\manual_wrinkle_masks\05039.png,"(1024, 1024)","(1024, 1024)",True,"[0, 255]",6389,1048576,0.006093025207519531
05050,C:\Users\student\ffhq-wrinkle-dataset\data\images1024x1024\05000\05050.png,C:\Users\student\ffhq-wrinkle-dataset\data\manual_wrinkle_masks\05050.png,"(1024, 1024)","(1024, 1024)",True,"[0, 255]",2946,1048576,0.0028095245361328125
05051,C:\Users\student\ffhq-wrinkle-dataset\data\images1024x1024\05000\05051.png,C:\Users\student\ffhq-wrinkle-dataset\data\manual_wrinkle_masks\05051.png,"(1024, 1024)","(1024, 1024)",True,"[0, 255]",10575,1048576,0.010085105895996094
05055,C:\Users\student\ffhq-wrinkle-dataset\data\images1024x1024\05000\05055.png,C:\Users\student\ffhq-wrinkle-dataset\data\manual_wrinkle_masks\05055.png,"(1024, 1024)","(1024, 1024)",True,"[0, 255]",2815,1048576,0.0026845932006835938
05056,C:\Users\student\ffhq-wrinkle-dataset\data\images1024x1024\05000\05056.png,C:\Users\student\ffhq-wrinkle-dataset\data\manual_wrinkle_masks\05056.png,"(1024, 1024)","(1024, 1024)",True,"[0, 255]",6196,1048576,0.005908966064453125
05063,C:\Users\student\ffhq-wrinkle-dataset\data\images1024x1024\05000\05063.png,C:\Users\student\ffhq-wrinkle-dataset\data\manual_wrinkle_masks\05063.png,"(1024, 1024)","(1024, 1024)",True,"[0, 255]",3406,1048576,0.0032482147216796875
05070,C:\Users\student\ffhq-wrinkle-dataset\data\images1024x1024\05000\05070.png,C:\Users\student\ffhq-wrinkle-dataset\data\manual_wrinkle_masks\05070.png,"(1024, 1024)","(1024, 1024)",True,"[0, 255]",8401,1048576,0.008011817932128906
05074,C:\Users\student\ffhq-wrinkle-dataset\data\images1024x1024\05000\05074.png,C:\Users\student\ffhq-wrinkle-dataset\data\manual_wrinkle_masks\05074.png,"(1024, 1024)","(1024, 1024)",True,"[0, 255]",4186,1048576,0.0039920806884765625
05076,C:\Users\student\ffhq-wrinkle-dataset\data\images1024x1024\05000\05076.png,C:\Users\student\ffhq-wrinkle-dataset\data\manual_wrinkle_masks\05076.png,"(1024, 1024)","(1024, 1024)",True,"[0, 255]",5172,1048576,0.004932403564453125
05081,C:\Users\student\ffhq-wrinkle-dataset\data\images1024x1024\05000\05081.png,C:\Users\student\ffhq-wrinkle-dataset\data\manual_wrinkle_masks\05081.png,"(1024, 1024)","(1024, 1024)",True,"[0, 255]",4994,1048576,0.0047626495361328125
05084,C:\Users\student\ffhq-wrinkle-dataset\data\images1024x1024\05000\05084.png,C:\Users\student\ffhq-wrinkle-dataset\data\manual_wrinkle_masks\05084.png,"(1024, 1024)","(1024, 1024)",True,"[0, 255]",8011,1048576,0.007639884948730469
05085,C:\Users\student\ffhq-wrinkle-dataset\data\images1024x1024\05000\05085.png,C:\Users\student\ffhq-wrinkle-dataset\data\manual_wrinkle_masks\05085.png,"(1024, 1024)","(1024, 1024)",True,"[0, 255]",2578,1048576,0.0024585723876953125
05094,C:\Users\student\ffhq-wrinkle-dataset\data\images1024x1024\05000\05094.png,C:\Users\student\ffhq-wrinkle-dataset\data\manual_wrinkle_masks\05094.png,"(1024, 1024)","(1024, 1024)",True,"[0, 255]",12386,1048576,0.011812210083007812
05095,C:\Users\student\ffhq-wrinkle-dataset\data\images1024x1024\05000\05095.png,C:\Users\student\ffhq-wrinkle-dataset\data\manual_wrinkle_masks\05095.png,"(1024, 1024)","(1024, 1024)",True,"[0, 255]",4772,1048576,0.004550933837890625
05102,C:\Users\student\ffhq-wrinkle-dataset\data\images1024x1024\05000\05102.png,C:\Users\student\ffhq-wrinkle-dataset\data\manual_wrinkle_masks\05102.png,"(1024, 1024)","(1024, 1024)",True,"[0, 255]",4007,1048576,0.0038213729858398438
05104,C:\Users\student\ffhq-wrinkle-dataset\data\images1024x1024\05000\05104.png,C:\Users\student\ffhq-wrinkle-dataset\data\manual_wrinkle_masks\05104.png,"(1024, 1024)","(1024, 1024)",True,"[0, 255]",13891,1048576,0.013247489929199219
05110,C:\Users\student\ffhq-wrinkle-dataset\data\images1024x1024\05000\05110.png,C:\Users\student\ffhq-wrinkle-dataset\data\manual_wrinkle_masks\05110.png,"(1024, 1024)","(1024, 1024)",True,"[0, 255]",6481,1048576,0.006180763244628906
05111,C:\Users\student\ffhq-wrinkle-dataset\data\images1024x1024\05000\05111.png,C:\Users\student\ffhq-wrinkle-dataset\data\manual_wrinkle_masks\05111.png,"(1024, 1024)","(1024, 1024)",True,"[0, 255]",2164,1048576,0.002063751220703125
05113,C:\Users\student\ffhq-wrinkle-dataset\data\images1024x1024\05000\05113.png,C:\Users\student\ffhq-wrinkle-dataset\data\manual_wrinkle_masks\05113.png,"(1024, 1024)","(1024, 1024)",True,"[0, 255]",3534,1048576,0.0033702850341796875
05118,C:\Users\student\ffhq-wrinkle-dataset\data\images1024x1024\05000\05118.png,C:\Users\student\ffhq-wrinkle-dataset\data\manual_wrinkle_masks\05118.png,"(1024, 1024)","(1024, 1024)",True,"[0, 255]",5265,1048576,0.005021095275878906
05123,C:\Users\student\ffhq-wrinkle-dataset\data\images1024x1024\05000\05123.png,C:\Users\student\ffhq-wrinkle-dataset\data\manual_wrinkle_masks\05123.png,"(1024, 1024)","(1024, 1024)",True,"[0, 255]",1973,1048576,0.0018815994262695312
05126,C:\Users\student\ffhq-wrinkle-dataset\data\images1024x1024\05000\05126.png,C:\Users\student\ffhq-wrinkle-dataset\data\manual_wrinkle_masks\05126.png,"(1024, 1024)","(1024, 1024)",True,"[0, 255]",4376,1048576,0.00417327880859375
05131,C:\Users\student\ffhq-wrinkle-dataset\data\images1024x1024\05000\05131.png,C:\Users\student\ffhq-wrinkle-dataset\data\manual_wrinkle_masks\05131.png,"(1024, 1024)","(1024, 1024)",True,"[0, 255]",3631,1048576,0.0034627914428710938
05133,C:\Users\student\ffhq-wrinkle-dataset\data\images1024x1024\05000\05133.png,C:\Users\student\ffhq-wrinkle-dataset\data\manual_wrinkle_masks\05133.png,"(1024, 1024)","(1024, 1024)",True,"[0, 255]",2138,1048576,0.0020389556884765625
05136,C:\Users\student\ffhq-wrinkle-dataset\data\images1024x1024\05000\05136.png,C:\Users\student\ffhq-wrinkle-dataset\data\manual_wrinkle_masks\05136.png,"(1024, 1024)","(1024, 1024)",True,"[0, 255]",3827,1048576,0.0036497116088867188
05137,C:\Users\student\ffhq-wrinkle-dataset\data\images1024x1024\05000\05137.png,C:\Users\student\ffhq-wrinkle-dataset\data\manual_wrinkle_masks\05137.png,"(1024, 1024)","(1024, 1024)",True,"[0, 255]",8594,1048576,0.008195877075195312
05142,C:\Users\student\ffhq-wrinkle-dataset\data\images1024x1024\05000\05142.png,C:\Users\student\ffhq-wrinkle-dataset\data\manual_wrinkle_masks\05142.png,"(1024, 1024)","(1024, 1024)",True,"[0, 255]",1571,1048576,0.0014982223510742188
05143,C:\Users\student\ffhq-wrinkle-dataset\data\images1024x1024\05000\05143.png,C:\Users\student\ffhq-wrinkle-dataset\data\manual_wrinkle_masks\05143.png,"(1024, 1024)","(1024, 1024)",True,"[0, 255]",3453,1048576,0.0032930374145507812
05145,C:\Users\student\ffhq-wrinkle-dataset\data\images1024x1024\05000\05145.png,C:\Users\student\ffhq-wrinkle-dataset\data\manual_wrinkle_masks\05145.png,"(1024, 1024)","(1024, 1024)",True,"[0, 255]",9829,1048576,0.009373664855957031
05146,C:\Users\student\ffhq-wrinkle-dataset\data\images1024x1024\05000\05146.png,C:\Users\student\ffhq-wrinkle-dataset\data\manual_wrinkle_masks\05146.png,"(1024, 1024)","(1024, 1024)",True,"[0, 255]",4504,1048576,0.00429534912109375
05154,C:\Users\student\ffhq-wrinkle-dataset\data\images1024x1024\05000\05154.png,C:\Users\student\ffhq-wrinkle-dataset\data\manual_wrinkle_masks\05154.png,"(1024, 1024)","(1024, 1024)",True,"[0, 255]",6228,1048576,0.005939483642578125
05158,C:\Users\student\ffhq-wrinkle-dataset\data\images1024x1024\05000\05158.png,C:\Users\student\ffhq-wrinkle-dataset\data\manual_wrinkle_masks\05158.png,"(1024, 1024)","(1024, 1024)",True,"[0, 255]",6126,1048576,0.0058422088623046875
05160,C:\Users\student\ffhq-wrinkle-dataset\data\images1024x1024\05000\05160.png,C:\Users\student\ffhq-wrinkle-dataset\data\manual_wrinkle_masks\05160.png,"(1024, 1024)","(1024, 1024)",True,"[0, 255]",1816,1048576,0.00173187255859375
05161,C:\Users\student\ffhq-wrinkle-dataset\data\images1024x1024\05000\05161.png,C:\Users\student\ffhq-wrinkle-dataset\data\manual_wrinkle_masks\05161.png,"(1024, 1024)","(1024, 1024)",True,"[0, 255]",6329,1048576,0.006035804748535156
05166,C:\Users\student\ffhq-wrinkle-dataset\data\images1024x1024\05000\05166.png,C:\Users\student\ffhq-wrinkle-dataset\data\manual_wrinkle_masks\05166.png,"(1024, 1024)","(1024, 1024)",True,"[0, 255]",8416,1048576,0.008026123046875
05167,C:\Users\student\ffhq-wrinkle-dataset\data\images1024x1024\05000\05167.png,C:\Users\student\ffhq-wrinkle-dataset\data\manual_wrinkle_masks\05167.png,"(1024, 1024)","(1024, 1024)",True,"[0, 255]",7544,1048576,0.00719451904296875
05171,C:\Users\student\ffhq-wrinkle-dataset\data\images1024x1024\05000\05171.png,C:\Users\student\ffhq-wrinkle-dataset\data\manual_wrinkle_masks\05171.png,"(1024, 1024)","(1024, 1024)",True,"[0, 255]",8117,1048576,0.007740974426269531
05178,C:\Users\student\ffhq-wrinkle-dataset\data\images1024x1024\05000\05178.png,C:\Users\student\ffhq-wrinkle-dataset\data\manual_wrinkle_masks\05178.png,"(1024, 1024)","(1024, 1024)",True,"[0, 255]",7524,1048576,0.007175445556640625
05181,C:\Users\student\ffhq-wrinkle-dataset\data\images1024x1024\05000\05181.png,C:\Users\student\ffhq-wrinkle-dataset\data\manual_wrinkle_masks\05181.png,"(1024, 1024)","(1024, 1024)",True,"[0, 255]",2209,1048576,0.0021066665649414062
05182,C:\Users\student\ffhq-wrinkle-dataset\data\images1024x1024\05000\05182.png,C:\Users\student\ffhq-wrinkle-dataset\data\manual_wrinkle_masks\05182.png,"(1024, 1024)","(1024, 1024)",True,"[0, 255]",2696,1048576,0.00257110595703125
05184,C:\Users\student\ffhq-wrinkle-dataset\data\images1024x1024\05000\05184.png,C:\Users\student\ffhq-wrinkle-dataset\data\manual_wrinkle_masks\05184.png,"(1024, 1024)","(1024, 1024)",True,"[0, 255]",8601,1048576,0.008202552795410156
05185,C:\Users\student\ffhq-wrinkle-dataset\data\images1024x1024\05000\05185.png,C:\Users\student\ffhq-wrinkle-dataset\data\manual_wrinkle_masks\05185.png,"(1024, 1024)","(1024, 1024)",True,"[0, 255]",2920,1048576,0.00278472900390625
05190,C:\Users\student\ffhq-wrinkle-dataset\data\images1024x1024\05000\05190.png,C:\Users\student\ffhq-wrinkle-dataset\data\manual_wrinkle_masks\05190.png,"(1024, 1024)","(1024, 1024)",True,"[0, 255]",6059,1048576,0.005778312683105469
05191,C:\Users\student\ffhq-wrinkle-dataset\data\images1024x1024\05000\05191.png,C:\Users\student\ffhq-wrinkle-dataset\data\manual_wrinkle_masks\05191.png,"(1024, 1024)","(1024, 1024)",True,"[0, 255]",2560,1048576,0.00244140625
05198,C:\Users\student\ffhq-wrinkle-dataset\data\images1024x1024\05000\05198.png,C:\Users\student\ffhq-wrinkle-dataset\data\manual_wrinkle_masks\05198.png,"(1024, 1024)","(1024, 1024)",True,"[0, 255]",2485,1048576,0.0023698806762695312
05201,C:\Users\student\ffhq-wrinkle-dataset\data\images1024x1024\05000\05201.png,C:\Users\student\ffhq-wrinkle-dataset\data\manual_wrinkle_masks\05201.png,"(1024, 1024)","(1024, 1024)",True,"[0, 255]",4611,1048576,0.004397392272949219
05203,C:\Users\student\ffhq-wrinkle-dataset\data\images1024x1024\05000\05203.png,C:\Users\student\ffhq-wrinkle-dataset\data\manual_wrinkle_masks\05203.png,"(1024, 1024)","(1024, 1024)",True,"[0, 255]",9173,1048576,0.008748054504394531
05204,C:\Users\student\ffhq-wrinkle-dataset\data\images1024x1024\05000\05204.png,C:\Users\student\ffhq-wrinkle-dataset\data\manual_wrinkle_masks\05204.png,"(1024, 1024)","(1024, 1024)",True,"[0, 255]",10002,1048576,0.009538650512695312
05211,C:\Users\student\ffhq-wrinkle-dataset\data\images1024x1024\05000\05211.png,C:\Users\student\ffhq-wrinkle-dataset\data\manual_wrinkle_masks\05211.png,"(1024, 1024)","(1024, 1024)",True,"[0, 255]",5166,1048576,0.0049266815185546875
05213,C:\Users\student\ffhq-wrinkle-dataset\data\images1024x1024\05000\05213.png,C:\Users\student\ffhq-wrinkle-dataset\data\manual_wrinkle_masks\05213.png,"(1024, 1024)","(1024, 1024)",True,"[0, 255]",3795,1048576,0.0036191940307617188
05215,C:\Users\student\ffhq-wrinkle-dataset\data\images1024x1024\05000\05215.png,C:\Users\student\ffhq-wrinkle-dataset\data\manual_wrinkle_masks\05215.png,"(1024, 1024)","(1024, 1024)",True,"[0, 255]",4555,1048576,0.004343986511230469
05219,C:\Users\student\ffhq-wrinkle-dataset\data\images1024x1024\05000\05219.png,C:\Users\student\ffhq-wrinkle-dataset\data\manual_wrinkle_masks\05219.png,"(1024, 1024)","(1024, 1024)",True,"[0, 255]",9057,1048576,0.008637428283691406
05220,C:\Users\student\ffhq-wrinkle-dataset\data\images1024x1024\05000\05220.png,C:\Users\student\ffhq-wrinkle-dataset\data\manual_wrinkle_masks\05220.png,"(1024, 1024)","(1024, 1024)",True,"[0, 255]",9866,1048576,0.009408950805664062
05221,C:\Users\student\ffhq-wrinkle-dataset\data\images1024x1024\05000\05221.png,C:\Users\student\ffhq-wrinkle-dataset\data\manual_wrinkle_masks\05221.png,"(1024, 1024)","(1024, 1024)",True,"[0, 255]",1559,1048576,0.0014867782592773438
05222,C:\Users\student\ffhq-wrinkle-dataset\data\images1024x1024\05000\05222.png,C:\Users\student\ffhq-wrinkle-dataset\data\manual_wrinkle_masks\05222.png,"(1024, 1024)","(1024, 1024)",True,"[0, 255]",10051,1048576,0.009585380554199219
05224,C:\Users\student\ffhq-wrinkle-dataset\data\images1024x1024\05000\05224.png,C:\Users\student\ffhq-wrinkle-dataset\data\manual_wrinkle_masks\05224.png,"(1024, 1024)","(1024, 1024)",True,"[0, 255]",3882,1048576,0.0037021636962890625
05225,C:\Users\student\ffhq-wrinkle-dataset\data\images1024x1024\05000\05225.png,C:\Users\student\ffhq-wrinkle-dataset\data\manual_wrinkle_masks\05225.png,"(1024, 1024)","(1024, 1024)",True,"[0, 255]",8486,1048576,0.008092880249023438
05237,C:\Users\student\ffhq-wrinkle-dataset\data\images1024x1024\05000\05237.png,C:\Users\student\ffhq-wrinkle-dataset\data\manual_wrinkle_masks\05237.png,"(1024, 1024)","(1024, 1024)",True,"[0, 255]",5270,1048576,0.0050258636474609375
05241,C:\Users\student\ffhq-wrinkle-dataset\data\images1024x1024\05000\05241.png,C:\Users\student\ffhq-wrinkle-dataset\data\manual_wrinkle_masks\05241.png,"(1024, 1024)","(1024, 1024)",True,"[0, 255]",2628,1048576,0.002506256103515625
05245,C:\Users\student\ffhq-wrinkle-dataset\data\images1024x1024\05000\05245.png,C:\Users\student\ffhq-wrinkle-dataset\data\manual_wrinkle_masks\05245.png,"(1024, 1024)","(1024, 1024)",True,"[0, 255]",3449,1048576,0.0032892227172851562
05248,C:\Users\student\ffhq-wrinkle-dataset\data\images1024x1024\05000\05248.png,C:\Users\student\ffhq-wrinkle-dataset\data\manual_wrinkle_masks\05248.png,"(1024, 1024)","(1024, 1024)",True,"[0, 255]",7812,1048576,0.007450103759765625
05253,C:\Users\student\ffhq-wrinkle-dataset\data\images1024x1024\05000\05253.png,C:\Users\student\ffhq-wrinkle-dataset\data\manual_wrinkle_masks\05253.png,"(1024, 1024)","(1024, 1024)",True,"[0, 255]",2199,1048576,0.0020971298217773438
05258,C:\Users\student\ffhq-wrinkle-dataset\data\images1024x1024\05000\05258.png,C:\Users\student\ffhq-wrinkle-dataset\data\manual_wrinkle_masks\05258.png,"(1024, 1024)","(1024, 1024)",True,"[0, 255]",2908,1048576,0.002773284912109375
05259,C:\Users\student\ffhq-wrinkle-dataset\data\images1024x1024\05000\05259.png,C:\Users\student\ffhq-wrinkle-dataset\data\manual_wrinkle_masks\05259.png,"(1024, 1024)","(1024, 1024)",True,"[0, 255]",7301,1048576,0.006962776184082031
05261,C:\Users\student\ffhq-wrinkle-dataset\data\images1024x1024\05000\05261.png,C:\Users\student\ffhq-wrinkle-dataset\data\manual_wrinkle_masks\05261.png,"(1024, 1024)","(1024, 1024)",True,"[0, 255]",3331,1048576,0.0031766891479492188
05263,C:\Users\student\ffhq-wrinkle-dataset\data\images1024x1024\05000\05263.png,C:\Users\student\ffhq-wrinkle-dataset\data\manual_wrinkle_masks\05263.png,"(1024, 1024)","(1024, 1024)",True,"[0, 255]",7484,1048576,0.007137298583984375
05264,C:\Users\student\ffhq-wrinkle-dataset\data\images1024x1024\05000\05264.png,C:\Users\student\ffhq-wrinkle-dataset\data\manual_wrinkle_masks\05264.png,"(1024, 1024)","(1024, 1024)",True,"[0, 255]",10683,1048576,0.010188102722167969
05265,C:\Users\student\ffhq-wrinkle-dataset\data\images1024x1024\05000\05265.png,C:\Users\student\ffhq-wrinkle-dataset\data\manual_wrinkle_masks\05265.png,"(1024, 1024)","(1024, 1024)",True,"[0, 255]",2399,1048576,0.0022878646850585938
05267,C:\Users\student\ffhq-wrinkle-dataset\data\images1024x1024\05000\05267.png,C:\Users\student\ffhq-wrinkle-dataset\data\manual_wrinkle_masks\05267.png,"(1024, 1024)","(1024, 1024)",True,"[0, 255]",4041,1048576,0.0038537979125976562
05272,C:\Users\student\ffhq-wrinkle-dataset\data\images1024x1024\05000\05272.png,C:\Users\student\ffhq-wrinkle-dataset\data\manual_wrinkle_masks\05272.png,"(1024, 1024)","(1024, 1024)",True,"[0, 255]",8745,1048576,0.008339881896972656
05274,C:\Users\student\ffhq-wrinkle-dataset\data\images1024x1024\05000\05274.png,C:\Users\student\ffhq-wrinkle-dataset\data\manual_wrinkle_masks\05274.png,"(1024, 1024)","(1024, 1024)",True,"[0, 255]",1333,1048576,0.0012712478637695312
05285,C:\Users\student\ffhq-wrinkle-dataset\data\images1024x1024\05000\05285.png,C:\Users\student\ffhq-wrinkle-dataset\data\manual_wrinkle_masks\05285.png,"(1024, 1024)","(1024, 1024)",True,"[0, 255]",1773,1048576,0.0016908645629882812
05286,C:\Users\student\ffhq-wrinkle-dataset\data\images1024x1024\05000\05286.png,C:\Users\student\ffhq-wrinkle-dataset\data\manual_wrinkle_masks\05286.png,"(1024, 1024)","(1024, 1024)",True,"[0, 255]",15571,1048576,0.014849662780761719
05287,C:\Users\student\ffhq-wrinkle-dataset\data\images1024x1024\05000\05287.png,C:\Users\student\ffhq-wrinkle-dataset\data\manual_wrinkle_masks\05287.png,"(1024, 1024)","(1024, 1024)",True,"[0, 255]",8607,1048576,0.008208274841308594
05289,C:\Users\student\ffhq-wrinkle-dataset\data\images1024x1024\05000\05289.png,C:\Users\student\ffhq-wrinkle-dataset\data\manual_wrinkle_masks\05289.png,"(1024, 1024)","(1024, 1024)",True,"[0, 255]",10015,1048576,0.009551048278808594
05290,C:\Users\student\ffhq-wrinkle-dataset\data\images1024x1024\05000\05290.png,C:\Users\student\ffhq-wrinkle-dataset\data\manual_wrinkle_masks\05290.png,"(1024, 1024)","(1024, 1024)",True,"[0, 255]",1504,1048576,0.001434326171875
05292,C:\Users\student\ffhq-wrinkle-dataset\data\images1024x1024\05000\05292.png,C:\Users\student\ffhq-wrinkle-dataset\data\manual_wrinkle_masks\05292.png,"(1024, 1024)","(1024, 1024)",True,"[0, 255]",1781,1048576,0.0016984939575195312
05293,C:\Users\student\ffhq-wrinkle-dataset\data\images1024x1024\05000\05293.png,C:\Users\student\ffhq-wrinkle-dataset\data\manual_wrinkle_masks\05293.png,"(1024, 1024)","(1024, 1024)",True,"[0, 255]",3077,1048576,0.0029344558715820312
05296,C:\Users\student\ffhq-wrinkle-dataset\data\images1024x1024\05000\05296.png,C:\Users\student\ffhq-wrinkle-dataset\data\manual_wrinkle_masks\05296.png,"(1024, 1024)","(1024, 1024)",True,"[0, 255]",4691,1048576,0.004473686218261719
05297,C:\Users\student\ffhq-wrinkle-dataset\data\images1024x1024\05000\05297.png,C:\Users\student\ffhq-wrinkle-dataset\data\manual_wrinkle_masks\05297.png,"(1024, 1024)","(1024, 1024)",True,"[0, 255]",4060,1048576,0.003871917724609375
05307,C:\Users\student\ffhq-wrinkle-dataset\data\images1024x1024\05000\05307.png,C:\Users\student\ffhq-wrinkle-dataset\data\manual_wrinkle_masks\05307.png,"(1024, 1024)","(1024, 1024)",True,"[0, 255]",1733,1048576,0.0016527175903320312
05312,C:\Users\student\ffhq-wrinkle-dataset\data\images1024x1024\05000\05312.png,C:\Users\student\ffhq-wrinkle-dataset\data\manual_wrinkle_masks\05312.png,"(1024, 1024)","(1024, 1024)",True,"[0, 255]",8287,1048576,0.007903099060058594
05316,C:\Users\student\ffhq-wrinkle-dataset\data\images1024x1024\05000\05316.png,C:\Users\student\ffhq-wrinkle-dataset\data\manual_wrinkle_masks\05316.png,"(1024, 1024)","(1024, 1024)",True,"[0, 255]",3691,1048576,0.0035200119018554688
05317,C:\Users\student\ffhq-wrinkle-dataset\data\images1024x1024\05000\05317.png,C:\Users\student\ffhq-wrinkle-dataset\data\manual_wrinkle_masks\05317.png,"(1024, 1024)","(1024, 1024)",True,"[0, 255]",8968,1048576,0.00855255126953125
05319,C:\Users\student\ffhq-wrinkle-dataset\data\images1024x1024\05000\05319.png,C:\Users\student\ffhq-wrinkle-dataset\data\manual_wrinkle_masks\05319.png,"(1024, 1024)","(1024, 1024)",True,"[0, 255]",3146,1048576,0.0030002593994140625
05320,C:\Users\student\ffhq-wrinkle-dataset\data\images1024x1024\05000\05320.png,C:\Users\student\ffhq-wrinkle-dataset\data\manual_wrinkle_masks\05320.png,"(1024, 1024)","(1024, 1024)",True,"[0, 255]",3873,1048576,0.0036935806274414062
05325,C:\Users\student\ffhq-wrinkle-dataset\data\images1024x1024\05000\05325.png,C:\Users\student\ffhq-wrinkle-dataset\data\manual_wrinkle_masks\05325.png,"(1024, 1024)","(1024, 1024)",True,"[0, 255]",2569,1048576,0.0024499893188476562
05326,C:\Users\student\ffhq-wrinkle-dataset\data\images1024x1024\05000\05326.png,C:\Users\student\ffhq-wrinkle-dataset\data\manual_wrinkle_masks\05326.png,"(1024, 1024)","(1024, 1024)",True,"[0, 255]",2698,1048576,0.0025730133056640625
05329,C:\Users\student\ffhq-wrinkle-dataset\data\images1024x1024\05000\05329.png,C:\Users\student\ffhq-wrinkle-dataset\data\manual_wrinkle_masks\05329.png,"(1024, 1024)","(1024, 1024)",True,"[0, 255]",4792,1048576,0.00457000732421875
06002,C:\Users\student\ffhq-wrinkle-dataset\data\images1024x1024\06000\06002.png,C:\Users\student\ffhq-wrinkle-dataset\data\manual_wrinkle_masks\06002.png,"(1024, 1024)","(1024, 1024)",True,"[0, 255]",3437,1048576,0.0032777786254882812
06004,C:\Users\student\ffhq-wrinkle-dataset\data\images1024x1024\06000\06004.png,C:\Users\student\ffhq-wrinkle-dataset\data\manual_wrinkle_masks\06004.png,"(1024, 1024)","(1024, 1024)",True,"[0, 255]",3391,1048576,0.0032339096069335938
06005,C:\Users\student\ffhq-wrinkle-dataset\data\images1024x1024\06000\06005.png,C:\Users\student\ffhq-wrinkle-dataset\data\manual_wrinkle_masks\06005.png,"(1024, 1024)","(1024, 1024)",True,"[0, 255]",4155,1048576,0.003962516784667969
06006,C:\Users\student\ffhq-wrinkle-dataset\data\images1024x1024\06000\06006.png,C:\Users\student\ffhq-wrinkle-dataset\data\manual_wrinkle_masks\06006.png,"(1024, 1024)","(1024, 1024)",True,"[0, 255]",4215,1048576,0.004019737243652344
06010,C:\Users\student\ffhq-wrinkle-dataset\data\images1024x1024\06000\06010.png,C:\Users\student\ffhq-wrinkle-dataset\data\manual_wrinkle_masks\06010.png,"(1024, 1024)","(1024, 1024)",True,"[0, 255]",8383,1048576,0.007994651794433594
06011,C:\Users\student\ffhq-wrinkle-dataset\data\images1024x1024\06000\06011.png,C:\Users\student\ffhq-wrinkle-dataset\data\manual_wrinkle_masks\06011.png,"(1024, 1024)","(1024, 1024)",True,"[0, 255]",2731,1048576,0.0026044845581054688
06013,C:\Users\student\ffhq-wrinkle-dataset\data\images1024x1024\06000\06013.png,C:\Users\student\ffhq-wrinkle-dataset\data\manual_wrinkle_masks\06013.png,"(1024, 1024)","(1024, 1024)",True,"[0, 255]",6939,1048576,0.006617546081542969
06015,C:\Users\student\ffhq-wrinkle-dataset\data\images1024x1024\06000\06015.png,C:\Users\student\ffhq-wrinkle-dataset\data\manual_wrinkle_masks\06015.png,"(1024, 1024)","(1024, 1024)",True,"[0, 255]",5294,1048576,0.0050487518310546875
06017,C:\Users\student\ffhq-wrinkle-dataset\data\images1024x1024\06000\06017.png,C:\Users\student\ffhq-wrinkle-dataset\data\manual_wrinkle_masks\06017.png,"(1024, 1024)","(1024, 1024)",True,"[0, 255]",19416,1048576,0.01851654052734375
06018,C:\Users\student\ffhq-wrinkle-dataset\data\images1024x1024\06000\06018.png,C:\Users\student\ffhq-wrinkle-dataset\data\manual_wrinkle_masks\06018.png,"(1024, 1024)","(1024, 1024)",True,"[0, 255]",6064,1048576,0.0057830810546875
06019,C:\Users\student\ffhq-wrinkle-dataset\data\images1024x1024\06000\06019.png,C:\Users\student\ffhq-wrinkle-dataset\data\manual_wrinkle_masks\06019.png,"(1024, 1024)","(1024, 1024)",True,"[0, 255]",8227,1048576,0.007845878601074219
06021,C:\Users\student\ffhq-wrinkle-dataset\data\images1024x1024\06000\06021.png,C:\Users\student\ffhq-wrinkle-dataset\data\manual_wrinkle_masks\06021.png,"(1024, 1024)","(1024, 1024)",True,"[0, 255]",3664,1048576,0.0034942626953125
06023,C:\Users\student\ffhq-wrinkle-dataset\data\images1024x1024\06000\06023.png,C:\Users\student\ffhq-wrinkle-dataset\data\manual_wrinkle_masks\06023.png,"(1024, 1024)","(1024, 1024)",True,"[0, 255]",5641,1048576,0.005379676818847656
06024,C:\Users\student\ffhq-wrinkle-dataset\data\images1024x1024\06000\06024.png,C:\Users\student\ffhq-wrinkle-dataset\data\manual_wrinkle_masks\06024.png,"(1024, 1024)","(1024, 1024)",True,"[0, 255]",4922,1048576,0.0046939849853515625
06026,C:\Users\student\ffhq-wrinkle-dataset\data\images1024x1024\06000\06026.png,C:\Users\student\ffhq-wrinkle-dataset\data\manual_wrinkle_masks\06026.png,"(1024, 1024)","(1024, 1024)",True,"[0, 255]",2973,1048576,0.0028352737426757812
06027,C:\Users\student\ffhq-wrinkle-dataset\data\images1024x1024\06000\06027.png,C:\Users\student\ffhq-wrinkle-dataset\data\manual_wrinkle_masks\06027.png,"(1024, 1024)","(1024, 1024)",True,"[0, 255]",4478,1048576,0.0042705535888671875
06033,C:\Users\student\ffhq-wrinkle-dataset\data\images1024x1024\06000\06033.png,C:\Users\student\ffhq-wrinkle-dataset\data\manual_wrinkle_masks\06033.png,"(1024, 1024)","(1024, 1024)",True,"[0, 255]",4807,1048576,0.004584312438964844
06034,C:\Users\student\ffhq-wrinkle-dataset\data\images1024x1024\06000\06034.png,C:\Users\student\ffhq-wrinkle-dataset\data\manual_wrinkle_masks\06034.png,"(1024, 1024)","(1024, 1024)",True,"[0, 255]",8029,1048576,0.007657051086425781
06041,C:\Users\student\ffhq-wrinkle-dataset\data\images1024x1024\06000\06041.png,C:\Users\student\ffhq-wrinkle-dataset\data\manual_wrinkle_masks\06041.png,"(1024, 1024)","(1024, 1024)",True,"[0, 255]",2032,1048576,0.0019378662109375
06042,C:\Users\student\ffhq-wrinkle-dataset\data\images1024x1024\06000\06042.png,C:\Users\student\ffhq-wrinkle-dataset\data\manual_wrinkle_masks\06042.png,"(1024, 1024)","(1024, 1024)",True,"[0, 255]",4817,1048576,0.004593849182128906
06043,C:\Users\student\ffhq-wrinkle-dataset\data\images1024x1024\06000\06043.png,C:\Users\student\ffhq-wrinkle-dataset\data\manual_wrinkle_masks\06043.png,"(1024, 1024)","(1024, 1024)",True,"[0, 255]",1421,1048576,0.0013551712036132812
06044,C:\Users\student\ffhq-wrinkle-dataset\data\images1024x1024\06000\06044.png,C:\Users\student\ffhq-wrinkle-dataset\data\manual_wrinkle_masks\06044.png,"(1024, 1024)","(1024, 1024)",True,"[0, 255]",9487,1048576,0.009047508239746094
06046,C:\Users\student\ffhq-wrinkle-dataset\data\images1024x1024\06000\06046.png,C:\Users\student\ffhq-wrinkle-dataset\data\manual_wrinkle_masks\06046.png,"(1024, 1024)","(1024, 1024)",True,"[0, 255]",3160,1048576,0.00301361083984375
06047,C:\Users\student\ffhq-wrinkle-dataset\data\images1024x1024\06000\06047.png,C:\Users\student\ffhq-wrinkle-dataset\data\manual_wrinkle_masks\06047.png,"(1024, 1024)","(1024, 1024)",True,"[0, 255]",2359,1048576,0.0022497177124023438
06048,C:\Users\student\ffhq-wrinkle-dataset\data\images1024x1024\06000\06048.png,C:\Users\student\ffhq-wrinkle-dataset\data\manual_wrinkle_masks\06048.png,"(1024, 1024)","(1024, 1024)",True,"[0, 255]",9554,1048576,0.009111404418945312
06049,C:\Users\student\ffhq-wrinkle-dataset\data\images1024x1024\06000\06049.png,C:\Users\student\ffhq-wrinkle-dataset\data\manual_wrinkle_masks\06049.png,"(1024, 1024)","(1024, 1024)",True,"[0, 255]",4735,1048576,0.004515647888183594
06050,C:\Users\student\ffhq-wrinkle-dataset\data\images1024x1024\06000\06050.png,C:\Users\student\ffhq-wrinkle-dataset\data\manual_wrinkle_masks\06050.png,"(1024, 1024)","(1024, 1024)",True,"[0, 255]",6504,1048576,0.00620269775390625
06051,C:\Users\student\ffhq-wrinkle-dataset\data\images1024x1024\06000\06051.png,C:\Users\student\ffhq-wrinkle-dataset\data\manual_wrinkle_masks\06051.png,"(1024, 1024)","(1024, 1024)",True,"[0, 255]",3658,1048576,0.0034885406494140625
06056,C:\Users\student\ffhq-wrinkle-dataset\data\images1024x1024\06000\06056.png,C:\Users\student\ffhq-wrinkle-dataset\data\manual_wrinkle_masks\06056.png,"(1024, 1024)","(1024, 1024)",True,"[0, 255]",3648,1048576,0.00347900390625
06057,C:\Users\student\ffhq-wrinkle-dataset\data\images1024x1024\06000\06057.png,C:\Users\student\ffhq-wrinkle-dataset\data\manual_wrinkle_masks\06057.png,"(1024, 1024)","(1024, 1024)",True,"[0, 255]",13930,1048576,0.013284683227539062
06058,C:\Users\student\ffhq-wrinkle-dataset\data\images1024x1024\06000\06058.png,C:\Users\student\ffhq-wrinkle-dataset\data\manual_wrinkle_masks\06058.png,"(1024, 1024)","(1024, 1024)",True,"[0, 255]",19696,1048576,0.0187835693359375
06059,C:\Users\student\ffhq-wrinkle-dataset\data\images1024x1024\06000\06059.png,C:\Users\student\ffhq-wrinkle-dataset\data\manual_wrinkle_masks\06059.png,"(1024, 1024)","(1024, 1024)",True,"[0, 255]",3708,1048576,0.003536224365234375
06060,C:\Users\student\ffhq-wrinkle-dataset\data\images1024x1024\06000\06060.png,C:\Users\student\ffhq-wrinkle-dataset\data\manual_wrinkle_masks\06060.png,"(1024, 1024)","(1024, 1024)",True,"[0, 255]",8350,1048576,0.007963180541992188
06061,C:\Users\student\ffhq-wrinkle-dataset\data\images1024x1024\06000\06061.png,C:\Users\student\ffhq-wrinkle-dataset\data\manual_wrinkle_masks\06061.png,"(1024, 1024)","(1024, 1024)",True,"[0, 255]",4745,1048576,0.004525184631347656
06063,C:\Users\student\ffhq-wrinkle-dataset\data\images1024x1024\06000\06063.png,C:\Users\student\ffhq-wrinkle-dataset\data\manual_wrinkle_masks\06063.png,"(1024, 1024)","(1024, 1024)",True,"[0, 255]",5701,1048576,0.005436897277832031
06064,C:\Users\student\ffhq-wrinkle-dataset\data\images1024x1024\06000\06064.png,C:\Users\student\ffhq-wrinkle-dataset\data\manual_wrinkle_masks\06064.png,"(1024, 1024)","(1024, 1024)",True,"[0, 255]",2570,1048576,0.0024509429931640625
06065,C:\Users\student\ffhq-wrinkle-dataset\data\images1024x1024\06000\06065.png,C:\Users\student\ffhq-wrinkle-dataset\data\manual_wrinkle_masks\06065.png,"(1024, 1024)","(1024, 1024)",True,"[0, 255]",6772,1048576,0.006458282470703125
06066,C:\Users\student\ffhq-wrinkle-dataset\data\images1024x1024\06000\06066.png,C:\Users\student\ffhq-wrinkle-dataset\data\manual_wrinkle_masks\06066.png,"(1024, 1024)","(1024, 1024)",True,"[0, 255]",1572,1048576,0.001499176025390625
06067,C:\Users\student\ffhq-wrinkle-dataset\data\images1024x1024\06000\06067.png,C:\Users\student\ffhq-wrinkle-dataset\data\manual_wrinkle_masks\06067.png,"(1024, 1024)","(1024, 1024)",True,"[0, 255]",6636,1048576,0.006328582763671875
06069,C:\Users\student\ffhq-wrinkle-dataset\data\images1024x1024\06000\06069.png,C:\Users\student\ffhq-wrinkle-dataset\data\manual_wrinkle_masks\06069.png,"(1024, 1024)","(1024, 1024)",True,"[0, 255]",5058,1048576,0.0048236846923828125
06070,C:\Users\student\ffhq-wrinkle-dataset\data\images1024x1024\06000\06070.png,C:\Users\student\ffhq-wrinkle-dataset\data\manual_wrinkle_masks\06070.png,"(1024, 1024)","(1024, 1024)",True,"[0, 255]",10644,1048576,0.010150909423828125
06071,C:\Users\student\ffhq-wrinkle-dataset\data\images1024x1024\06000\06071.png,C:\Users\student\ffhq-wrinkle-dataset\data\manual_wrinkle_masks\06071.png,"(1024, 1024)","(1024, 1024)",True,"[0, 255]",1927,1048576,0.0018377304077148438
06072,C:\Users\student\ffhq-wrinkle-dataset\data\images1024x1024\06000\06072.png,C:\Users\student\ffhq-wrinkle-dataset\data\manual_wrinkle_masks\06072.png,"(1024, 1024)","(1024, 1024)",True,"[0, 255]",4287,1048576,0.004088401794433594
06074,C:\Users\student\ffhq-wrinkle-dataset\data\images1024x1024\06000\06074.png,C:\Users\student\ffhq-wrinkle-dataset\data\manual_wrinkle_masks\06074.png,"(1024, 1024)","(1024, 1024)",True,"[0, 255]",3880,1048576,0.00370025634765625
06076,C:\Users\student\ffhq-wrinkle-dataset\data\images1024x1024\06000\06076.png,C:\Users\student\ffhq-wrinkle-dataset\data\manual_wrinkle_masks\06076.png,"(1024, 1024)","(1024, 1024)",True,"[0, 255]",5615,1048576,0.005354881286621094
06079,C:\Users\student\ffhq-wrinkle-dataset\data\images1024x1024\06000\06079.png,C:\Users\student\ffhq-wrinkle-dataset\data\manual_wrinkle_masks\06079.png,"(1024, 1024)","(1024, 1024)",True,"[0, 255]",1273,1048576,0.0012140274047851562
06083,C:\Users\student\ffhq-wrinkle-dataset\data\images1024x1024\06000\06083.png,C:\Users\student\ffhq-wrinkle-dataset\data\manual_wrinkle_masks\06083.png,"(1024, 1024)","(1024, 1024)",True,"[0, 255]",3729,1048576,0.0035562515258789062
06085,C:\Users\student\ffhq-wrinkle-dataset\data\images1024x1024\06000\06085.png,C:\Users\student\ffhq-wrinkle-dataset\data\manual_wrinkle_masks\06085.png,"(1024, 1024)","(1024, 1024)",True,"[0, 255]",3178,1048576,0.0030307769775390625
06088,C:\Users\student\ffhq-wrinkle-dataset\data\images1024x1024\06000\06088.png,C:\Users\student\ffhq-wrinkle-dataset\data\manual_wrinkle_masks\06088.png,"(1024, 1024)","(1024, 1024)",True,"[0, 255]",8118,1048576,0.0077419281005859375
06093,C:\Users\student\ffhq-wrinkle-dataset\data\images1024x1024\06000\06093.png,C:\Users\student\ffhq-wrinkle-dataset\data\manual_wrinkle_masks\06093.png,"(1024, 1024)","(1024, 1024)",True,"[0, 255]",5860,1048576,0.005588531494140625
06094,C:\Users\student\ffhq-wrinkle-dataset\data\images1024x1024\06000\06094.png,C:\Users\student\ffhq-wrinkle-dataset\data\manual_wrinkle_masks\06094.png,"(1024, 1024)","(1024, 1024)",True,"[0, 255]",1675,1048576,0.0015974044799804688
06095,C:\Users\student\ffhq-wrinkle-dataset\data\images1024x1024\06000\06095.png,C:\Users\student\ffhq-wrinkle-dataset\data\manual_wrinkle_masks\06095.png,"(1024, 1024)","(1024, 1024)",True,"[0, 255]",4299,1048576,0.004099845886230469
06096,C:\Users\student\ffhq-wrinkle-dataset\data\images1024x1024\06000\06096.png,C:\Users\student\ffhq-wrinkle-dataset\data\manual_wrinkle_masks\06096.png,"(1024, 1024)","(1024, 1024)",True,"[0, 255]",2105,1048576,0.0020074844360351562
06098,C:\Users\student\ffhq-wrinkle-dataset\data\images1024x1024\06000\06098.png,C:\Users\student\ffhq-wrinkle-dataset\data\manual_wrinkle_masks\06098.png,"(1024, 1024)","(1024, 1024)",True,"[0, 255]",1761,1048576,0.0016794204711914062
06099,C:\Users\student\ffhq-wrinkle-dataset\data\images1024x1024\06000\06099.png,C:\Users\student\ffhq-wrinkle-dataset\data\manual_wrinkle_masks\06099.png,"(1024, 1024)","(1024, 1024)",True,"[0, 255]",4659,1048576,0.004443168640136719
06100,C:\Users\student\ffhq-wrinkle-dataset\data\images1024x1024\06000\06100.png,C:\Users\student\ffhq-wrinkle-dataset\data\manual_wrinkle_masks\06100.png,"(1024, 1024)","(1024, 1024)",True,"[0, 255]",5374,1048576,0.0051250457763671875
06102,C:\Users\student\ffhq-wrinkle-dataset\data\images1024x1024\06000\06102.png,C:\Users\student\ffhq-wrinkle-dataset\data\manual_wrinkle_masks\06102.png,"(1024, 1024)","(1024, 1024)",True,"[0, 255]",8246,1048576,0.007863998413085938
06103,C:\Users\student\ffhq-wrinkle-dataset\data\images1024x1024\06000\06103.png,C:\Users\student\ffhq-wrinkle-dataset\data\manual_wrinkle_masks\06103.png,"(1024, 1024)","(1024, 1024)",True,"[0, 255]",5107,1048576,0.004870414733886719
06104,C:\Users\student\ffhq-wrinkle-dataset\data\images1024x1024\06000\06104.png,C:\Users\student\ffhq-wrinkle-dataset\data\manual_wrinkle_masks\06104.png,"(1024, 1024)","(1024, 1024)",True,"[0, 255]",4431,1048576,0.004225730895996094
06105,C:\Users\student\ffhq-wrinkle-dataset\data\images1024x1024\06000\06105.png,C:\Users\student\ffhq-wrinkle-dataset\data\manual_wrinkle_masks\06105.png,"(1024, 1024)","(1024, 1024)",True,"[0, 255]",13086,1048576,0.012479782104492188
06106,C:\Users\student\ffhq-wrinkle-dataset\data\images1024x1024\06000\06106.png,C:\Users\student\ffhq-wrinkle-dataset\data\manual_wrinkle_masks\06106.png,"(1024, 1024)","(1024, 1024)",True,"[0, 255]",3165,1048576,0.0030183792114257812
06107,C:\Users\student\ffhq-wrinkle-dataset\data\images1024x1024\06000\06107.png,C:\Users\student\ffhq-wrinkle-dataset\data\manual_wrinkle_masks\06107.png,"(1024, 1024)","(1024, 1024)",True,"[0, 255]",6944,1048576,0.006622314453125
06108,C:\Users\student\ffhq-wrinkle-dataset\data\images1024x1024\06000\06108.png,C:\Users\student\ffhq-wrinkle-dataset\data\manual_wrinkle_masks\06108.png,"(1024, 1024)","(1024, 1024)",True,"[0, 255]",2042,1048576,0.0019474029541015625
06109,C:\Users\student\ffhq-wrinkle-dataset\data\images1024x1024\06000\06109.png,C:\Users\student\ffhq-wrinkle-dataset\data\manual_wrinkle_masks\06109.png,"(1024, 1024)","(1024, 1024)",True,"[0, 255]",4584,1048576,0.00437164306640625
06110,C:\Users\student\ffhq-wrinkle-dataset\data\images1024x1024\06000\06110.png,C:\Users\student\ffhq-wrinkle-dataset\data\manual_wrinkle_masks\06110.png,"(1024, 1024)","(1024, 1024)",True,"[0, 255]",1580,1048576,0.001506805419921875
06113,C:\Users\student\ffhq-wrinkle-dataset\data\images1024x1024\06000\06113.png,C:\Users\student\ffhq-wrinkle-dataset\data\manual_wrinkle_masks\06113.png,"(1024, 1024)","(1024, 1024)",True,"[0, 255]",3010,1048576,0.0028705596923828125
06115,C:\Users\student\ffhq-wrinkle-dataset\data\images1024x1024\06000\06115.png,C:\Users\student\ffhq-wrinkle-dataset\data\manual_wrinkle_masks\06115.png,"(1024, 1024)","(1024, 1024)",True,"[0, 255]",4751,1048576,0.004530906677246094
06116,C:\Users\student\ffhq-wrinkle-dataset\data\images1024x1024\06000\06116.png,C:\Users\student\ffhq-wrinkle-dataset\data\manual_wrinkle_masks\06116.png,"(1024, 1024)","(1024, 1024)",True,"[0, 255]",7350,1048576,0.0070095062255859375
06117,C:\Users\student\ffhq-wrinkle-dataset\data\images1024x1024\06000\06117.png,C:\Users\student\ffhq-wrinkle-dataset\data\manual_wrinkle_masks\06117.png,"(1024, 1024)","(1024, 1024)",True,"[0, 255]",2040,1048576,0.00194549560546875
06118,C:\Users\student\ffhq-wrinkle-dataset\data\images1024x1024\06000\06118.png,C:\Users\student\ffhq-wrinkle-dataset\data\manual_wrinkle_masks\06118.png,"(1024, 1024)","(1024, 1024)",True,"[0, 255]",18615,1048576,0.017752647399902344
06119,C:\Users\student\ffhq-wrinkle-dataset\data\images1024x1024\06000\06119.png,C:\Users\student\ffhq-wrinkle-dataset\data\manual_wrinkle_masks\06119.png,"(1024, 1024)","(1024, 1024)",True,"[0, 255]",4443,1048576,0.004237174987792969
06121,C:\Users\student\ffhq-wrinkle-dataset\data\images1024x1024\06000\06121.png,C:\Users\student\ffhq-wrinkle-dataset\data\manual_wrinkle_masks\06121.png,"(1024, 1024)","(1024, 1024)",True,"[0, 255]",5968,1048576,0.0056915283203125
06122,C:\Users\student\ffhq-wrinkle-dataset\data\images1024x1024\06000\06122.png,C:\Users\student\ffhq-wrinkle-dataset\data\manual_wrinkle_masks\06122.png,"(1024, 1024)","(1024, 1024)",True,"[0, 255]",1606,1048576,0.0015316009521484375
06123,C:\Users\student\ffhq-wrinkle-dataset\data\images1024x1024\06000\06123.png,C:\Users\student\ffhq-wrinkle-dataset\data\manual_wrinkle_masks\06123.png,"(1024, 1024)","(1024, 1024)",True,"[0, 255]",10319,1048576,0.009840965270996094
06124,C:\Users\student\ffhq-wrinkle-dataset\data\images1024x1024\06000\06124.png,C:\Users\student\ffhq-wrinkle-dataset\data\manual_wrinkle_masks\06124.png,"(1024, 1024)","(1024, 1024)",True,"[0, 255]",7858,1048576,0.0074939727783203125
06126,C:\Users\student\ffhq-wrinkle-dataset\data\images1024x1024\06000\06126.png,C:\Users\student\ffhq-wrinkle-dataset\data\manual_wrinkle_masks\06126.png,"(1024, 1024)","(1024, 1024)",True,"[0, 255]",4179,1048576,0.003985404968261719
06129,C:\Users\student\ffhq-wrinkle-dataset\data\images1024x1024\06000\06129.png,C:\Users\student\ffhq-wrinkle-dataset\data\manual_wrinkle_masks\06129.png,"(1024, 1024)","(1024, 1024)",True,"[0, 255]",12333,1048576,0.011761665344238281
06132,C:\Users\student\ffhq-wrinkle-dataset\data\images1024x1024\06000\06132.png,C:\Users\student\ffhq-wrinkle-dataset\data\manual_wrinkle_masks\06132.png,"(1024, 1024)","(1024, 1024)",True,"[0, 255]",2720,1048576,0.002593994140625
06137,C:\Users\student\ffhq-wrinkle-dataset\data\images1024x1024\06000\06137.png,C:\Users\student\ffhq-wrinkle-dataset\data\manual_wrinkle_masks\06137.png,"(1024, 1024)","(1024, 1024)",True,"[0, 255]",1948,1048576,0.001857757568359375
06140,C:\Users\student\ffhq-wrinkle-dataset\data\images1024x1024\06000\06140.png,C:\Users\student\ffhq-wrinkle-dataset\data\manual_wrinkle_masks\06140.png,"(1024, 1024)","(1024, 1024)",True,"[0, 255]",5758,1048576,0.0054912567138671875
06141,C:\Users\student\ffhq-wrinkle-dataset\data\images1024x1024\06000\06141.png,C:\Users\student\ffhq-wrinkle-dataset\data\manual_wrinkle_masks\06141.png,"(1024, 1024)","(1024, 1024)",True,"[0, 255]",2539,1048576,0.0024213790893554688
06142,C:\Users\student\ffhq-wrinkle-dataset\data\images1024x1024\06000\06142.png,C:\Users\student\ffhq-wrinkle-dataset\data\manual_wrinkle_masks\06142.png,"(1024, 1024)","(1024, 1024)",True,"[0, 255]",11761,1048576,0.011216163635253906
06147,C:\Users\student\ffhq-wrinkle-dataset\data\images1024x1024\06000\06147.png,C:\Users\student\ffhq-wrinkle-dataset\data\manual_wrinkle_masks\06147.png,"(1024, 1024)","(1024, 1024)",True,"[0, 255]",10012,1048576,0.009548187255859375
06148,C:\Users\student\ffhq-wrinkle-dataset\data\images1024x1024\06000\06148.png,C:\Users\student\ffhq-wrinkle-dataset\data\manual_wrinkle_masks\06148.png,"(1024, 1024)","(1024, 1024)",True,"[0, 255]",1333,1048576,0.0012712478637695312
06149,C:\Users\student\ffhq-wrinkle-dataset\data\images1024x1024\06000\06149.png,C:\Users\student\ffhq-wrinkle-dataset\data\manual_wrinkle_masks\06149.png,"(1024, 1024)","(1024, 1024)",True,"[0, 255]",2161,1048576,0.0020608901977539062
06152,C:\Users\student\ffhq-wrinkle-dataset\data\images1024x1024\06000\06152.png,C:\Users\student\ffhq-wrinkle-dataset\data\manual_wrinkle_masks\06152.png,"(1024, 1024)","(1024, 1024)",True,"[0, 255]",8434,1048576,0.008043289184570312
06154,C:\Users\student\ffhq-wrinkle-dataset\data\images1024x1024\06000\06154.png,C:\Users\student\ffhq-wrinkle-dataset\data\manual_wrinkle_masks\06154.png,"(1024, 1024)","(1024, 1024)",True,"[0, 255]",1910,1048576,0.0018215179443359375
06161,C:\Users\student\ffhq-wrinkle-dataset\data\images1024x1024\06000\06161.png,C:\Users\student\ffhq-wrinkle-dataset\data\manual_wrinkle_masks\06161.png,"(1024, 1024)","(1024, 1024)",True,"[0, 255]",5366,1048576,0.0051174163818359375
06162,C:\Users\student\ffhq-wrinkle-dataset\data\images1024x1024\06000\06162.png,C:\Users\student\ffhq-wrinkle-dataset\data\manual_wrinkle_masks\06162.png,"(1024, 1024)","(1024, 1024)",True,"[0, 255]",2165,1048576,0.0020647048950195312
06166,C:\Users\student\ffhq-wrinkle-dataset\data\images1024x1024\06000\06166.png,C:\Users\student\ffhq-wrinkle-dataset\data\manual_wrinkle_masks\06166.png,"(1024, 1024)","(1024, 1024)",True,"[0, 255]",1615,1048576,0.0015401840209960938
06170,C:\Users\student\ffhq-wrinkle-dataset\data\images1024x1024\06000\06170.png,C:\Users\student\ffhq-wrinkle-dataset\data\manual_wrinkle_masks\06170.png,"(1024, 1024)","(1024, 1024)",True,"[0, 255]",3778,1048576,0.0036029815673828125
06172,C:\Users\student\ffhq-wrinkle-dataset\data\images1024x1024\06000\06172.png,C:\Users\student\ffhq-wrinkle-dataset\data\manual_wrinkle_masks\06172.png,"(1024, 1024)","(1024, 1024)",True,"[0, 255]",2492,1048576,0.002376556396484375
06173,C:\Users\student\ffhq-wrinkle-dataset\data\images1024x1024\06000\06173.png,C:\Users\student\ffhq-wrinkle-dataset\data\manual_wrinkle_masks\06173.png,"(1024, 1024)","(1024, 1024)",True,"[0, 255]",4462,1048576,0.0042552947998046875
06174,C:\Users\student\ffhq-wrinkle-dataset\data\images1024x1024\06000\06174.png,C:\Users\student\ffhq-wrinkle-dataset\data\manual_wrinkle_masks\06174.png,"(1024, 1024)","(1024, 1024)",True,"[0, 255]",7564,1048576,0.007213592529296875
06178,C:\Users\student\ffhq-wrinkle-dataset\data\images1024x1024\06000\06178.png,C:\Users\student\ffhq-wrinkle-dataset\data\manual_wrinkle_masks\06178.png,"(1024, 1024)","(1024, 1024)",True,"[0, 255]",3291,1048576,0.0031385421752929688
06181,C:\Users\student\ffhq-wrinkle-dataset\data\images1024x1024\06000\06181.png,C:\Users\student\ffhq-wrinkle-dataset\data\manual_wrinkle_masks\06181.png,"(1024, 1024)","(1024, 1024)",True,"[0, 255]",3158,1048576,0.0030117034912109375
06182,C:\Users\student\ffhq-wrinkle-dataset\data\images1024x1024\06000\06182.png,C:\Users\student\ffhq-wrinkle-dataset\data\manual_wrinkle_masks\06182.png,"(1024, 1024)","(1024, 1024)",True,"[0, 255]",21096,1048576,0.02011871337890625
06186,C:\Users\student\ffhq-wrinkle-dataset\data\images1024x1024\06000\06186.png,C:\Users\student\ffhq-wrinkle-dataset\data\manual_wrinkle_masks\06186.png,"(1024, 1024)","(1024, 1024)",True,"[0, 255]",3435,1048576,0.0032758712768554688
06189,C:\Users\student\ffhq-wrinkle-dataset\data\images1024x1024\06000\06189.png,C:\Users\student\ffhq-wrinkle-dataset\data\manual_wrinkle_masks\06189.png,"(1024, 1024)","(1024, 1024)",True,"[0, 255]",8477,1048576,0.008084297180175781
06191,C:\Users\student\ffhq-wrinkle-dataset\data\images1024x1024\06000\06191.png,C:\Users\student\ffhq-wrinkle-dataset\data\manual_wrinkle_masks\06191.png,"(1024, 1024)","(1024, 1024)",True,"[0, 255]",11459,1048576,0.010928153991699219
06198,C:\Users\student\ffhq-wrinkle-dataset\data\images1024x1024\06000\06198.png,C:\Users\student\ffhq-wrinkle-dataset\data\manual_wrinkle_masks\06198.png,"(1024, 1024)","(1024, 1024)",True,"[0, 255]",2426,1048576,0.0023136138916015625
06200,C:\Users\student\ffhq-wrinkle-dataset\data\images1024x1024\06000\06200.png,C:\Users\student\ffhq-wrinkle-dataset\data\manual_wrinkle_masks\06200.png,"(1024, 1024)","(1024, 1024)",True,"[0, 255]",12973,1048576,0.012372016906738281
07004,C:\Users\student\ffhq-wrinkle-dataset\data\images1024x1024\07000\07004.png,C:\Users\student\ffhq-wrinkle-dataset\data\manual_wrinkle_masks\07004.png,"(1024, 1024)","(1024, 1024)",True,"[0, 255]",3780,1048576,0.003604888916015625
07018,C:\Users\student\ffhq-wrinkle-dataset\data\images1024x1024\07000\07018.png,C:\Users\student\ffhq-wrinkle-dataset\data\manual_wrinkle_masks\07018.png,"(1024, 1024)","(1024, 1024)",True,"[0, 255]",14913,1048576,0.014222145080566406
07030,C:\Users\student\ffhq-wrinkle-dataset\data\images1024x1024\07000\07030.png,C:\Users\student\ffhq-wrinkle-dataset\data\manual_wrinkle_masks\07030.png,"(1024, 1024)","(1024, 1024)",True,"[0, 255]",4673,1048576,0.004456520080566406
07062,C:\Users\student\ffhq-wrinkle-dataset\data\images1024x1024\07000\07062.png,C:\Users\student\ffhq-wrinkle-dataset\data\manual_wrinkle_masks\07062.png,"(1024, 1024)","(1024, 1024)",True,"[0, 255]",1393,1048576,0.0013284683227539062
07105,C:\Users\student\ffhq-wrinkle-dataset\data\images1024x1024\07000\07105.png,C:\Users\student\ffhq-wrinkle-dataset\data\manual_wrinkle_masks\07105.png,"(1024, 1024)","(1024, 1024)",True,"[0, 255]",2676,1048576,0.002552032470703125
07108,C:\Users\student\ffhq-wrinkle-dataset\data\images1024x1024\07000\07108.png,C:\Users\student\ffhq-wrinkle-dataset\data\manual_wrinkle_masks\07108.png,"(1024, 1024)","(1024, 1024)",True,"[0, 255]",994,1048576,0.0009479522705078125
07121,C:\Users\student\ffhq-wrinkle-dataset\data\images1024x1024\07000\07121.png,C:\Users\student\ffhq-wrinkle-dataset\data\manual_wrinkle_masks\07121.png,"(1024, 1024)","(1024, 1024)",True,"[0, 255]",1588,1048576,0.001514434814453125
07134,C:\Users\student\ffhq-wrinkle-dataset\data\images1024x1024\07000\07134.png,C:\Users\student\ffhq-wrinkle-dataset\data\manual_wrinkle_masks\07134.png,"(1024, 1024)","(1024, 1024)",True,"[0, 255]",694,1048576,0.0006618499755859375
07139,C:\Users\student\ffhq-wrinkle-dataset\data\images1024x1024\07000\07139.png,C:\Users\student\ffhq-wrinkle-dataset\data\manual_wrinkle_masks\07139.png,"(1024, 1024)","(1024, 1024)",True,"[0, 255]",3220,1048576,0.003070831298828125
07145,C:\Users\student\ffhq-wrinkle-dataset\data\images1024x1024\07000\07145.png,C:\Users\student\ffhq-wrinkle-dataset\data\manual_wrinkle_masks\07145.png,"(1024, 1024)","(1024, 1024)",True,"[0, 255]",2775,1048576,0.0026464462280273438
07148,C:\Users\student\ffhq-wrinkle-dataset\data\images1024x1024\07000\07148.png,C:\Users\student\ffhq-wrinkle-dataset\data\manual_wrinkle_masks\07148.png,"(1024, 1024)","(1024, 1024)",True,"[0, 255]",2626,1048576,0.0025043487548828125
07155,C:\Users\student\ffhq-wrinkle-dataset\data\images1024x1024\07000\07155.png,C:\Users\student\ffhq-wrinkle-dataset\data\manual_wrinkle_masks\07155.png,"(1024, 1024)","(1024, 1024)",True,"[0, 255]",1912,1048576,0.00182342529296875
07173,C:\Users\student\ffhq-wrinkle-dataset\data\images1024x1024\07000\07173.png,C:\Users\student\ffhq-wrinkle-dataset\data\manual_wrinkle_masks\07173.png,"(1024, 1024)","(1024, 1024)",True,"[0, 255]",476,1048576,0.000453948974609375
07174,C:\Users\student\ffhq-wrinkle-dataset\data\images1024x1024\07000\07174.png,C:\Users\student\ffhq-wrinkle-dataset\data\manual_wrinkle_masks\07174.png,"(1024, 1024)","(1024, 1024)",True,"[0, 255]",15538,1048576,0.014818191528320312
07176,C:\Users\student\ffhq-wrinkle-dataset\data\images1024x1024\07000\07176.png,C:\Users\student\ffhq-wrinkle-dataset\data\manual_wrinkle_masks\07176.png,"(1024, 1024)","(1024, 1024)",True,"[0, 255]",9107,1048576,0.008685111999511719
07177,C:\Users\student\ffhq-wrinkle-dataset\data\images1024x1024\07000\07177.png,C:\Users\student\ffhq-wrinkle-dataset\data\manual_wrinkle_masks\07177.png,"(1024, 1024)","(1024, 1024)",True,"[0, 255]",3771,1048576,0.0035963058471679688
07187,C:\Users\student\ffhq-wrinkle-dataset\data\images1024x1024\07000\07187.png,C:\Users\student\ffhq-wrinkle-dataset\data\manual_wrinkle_masks\07187.png,"(1024, 1024)","(1024, 1024)",True,"[0, 255]",1211,1048576,0.0011548995971679688
07192,C:\Users\student\ffhq-wrinkle-dataset\data\images1024x1024\07000\07192.png,C:\Users\student\ffhq-wrinkle-dataset\data\manual_wrinkle_masks\07192.png,"(1024, 1024)","(1024, 1024)",True,"[0, 255]",11286,1048576,0.010763168334960938
07193,C:\Users\student\ffhq-wrinkle-dataset\data\images1024x1024\07000\07193.png,C:\Users\student\ffhq-wrinkle-dataset\data\manual_wrinkle_masks\07193.png,"(1024, 1024)","(1024, 1024)",True,"[0, 255]",4326,1048576,0.0041255950927734375
07195,C:\Users\student\ffhq-wrinkle-dataset\data\images1024x1024\07000\07195.png,C:\Users\student\ffhq-wrinkle-dataset\data\manual_wrinkle_masks\07195.png,"(1024, 1024)","(1024, 1024)",True,"[0, 255]",1746,1048576,0.0016651153564453125
07199,C:\Users\student\ffhq-wrinkle-dataset\data\images1024x1024\07000\07199.png,C:\Users\student\ffhq-wrinkle-dataset\data\manual_wrinkle_masks\07199.png,"(1024, 1024)","(1024, 1024)",True,"[0, 255]",6497,1048576,0.006196022033691406
07221,C:\Users\student\ffhq-wrinkle-dataset\data\images1024x1024\07000\07221.png,C:\Users\student\ffhq-wrinkle-dataset\data\manual_wrinkle_masks\07221.png,"(1024, 1024)","(1024, 1024)",True,"[0, 255]",1053,1048576,0.0010042190551757812
07228,C:\Users\student\ffhq-wrinkle-dataset\data\images1024x1024\07000\07228.png,C:\Users\student\ffhq-wrinkle-dataset\data\manual_wrinkle_masks\07228.png,"(1024, 1024)","(1024, 1024)",True,"[0, 255]",7354,1048576,0.0070133209228515625
07256,C:\Users\student\ffhq-wrinkle-dataset\data\images1024x1024\07000\07256.png,C:\Users\student\ffhq-wrinkle-dataset\data\manual_wrinkle_masks\07256.png,"(1024, 1024)","(1024, 1024)",True,"[0, 255]",9416,1048576,0.00897979736328125
07265,C:\Users\student\ffhq-wrinkle-dataset\data\images1024x1024\07000\07265.png,C:\Users\student\ffhq-wrinkle-dataset\data\manual_wrinkle_masks\07265.png,"(1024, 1024)","(1024, 1024)",True,"[0, 255]",1560,1048576,0.00148773193359375
07267,C:\Users\student\ffhq-wrinkle-dataset\data\images1024x1024\07000\07267.png,C:\Users\student\ffhq-wrinkle-dataset\data\manual_wrinkle_masks\07267.png,"(1024, 1024)","(1024, 1024)",True,"[0, 255]",12128,1048576,0.011566162109375
07291,C:\Users\student\ffhq-wrinkle-dataset\data\images1024x1024\07000\07291.png,C:\Users\student\ffhq-wrinkle-dataset\data\manual_wrinkle_masks\07291.png,"(1024, 1024)","(1024, 1024)",True,"[0, 255]",11957,1048576,0.011403083801269531
07292,C:\Users\student\ffhq-wrinkle-dataset\data\images1024x1024\07000\07292.png,C:\Users\student\ffhq-wrinkle-dataset\data\manual_wrinkle_masks\07292.png,"(1024, 1024)","(1024, 1024)",True,"[0, 255]",1533,1048576,0.0014619827270507812
07296,C:\Users\student\ffhq-wrinkle-dataset\data\images1024x1024\07000\07296.png,C:\Users\student\ffhq-wrinkle-dataset\data\manual_wrinkle_masks\07296.png,"(1024, 1024)","(1024, 1024)",True,"[0, 255]",782,1048576,0.0007457733154296875
07304,C:\Users\student\ffhq-wrinkle-dataset\data\images1024x1024\07000\07304.png,C:\Users\student\ffhq-wrinkle-dataset\data\manual_wrinkle_masks\07304.png,"(1024, 1024)","(1024, 1024)",True,"[0, 255]",6120,1048576,0.00583648681640625
07306,C:\Users\student\ffhq-wrinkle-dataset\data\images1024x1024\07000\07306.png,C:\Users\student\ffhq-wrinkle-dataset\data\manual_wrinkle_masks\07306.png,"(1024, 1024)","(1024, 1024)",True,"[0, 255]",2252,1048576,0.002147674560546875
07332,C:\Users\student\ffhq-wrinkle-dataset\data\images1024x1024\07000\07332.png,C:\Users\student\ffhq-wrinkle-dataset\data\manual_wrinkle_masks\07332.png,"(1024, 1024)","(1024, 1024)",True,"[0, 255]",2326,1048576,0.0022182464599609375
07336,C:\Users\student\ffhq-wrinkle-dataset\data\images1024x1024\07000\07336.png,C:\Users\student\ffhq-wrinkle-dataset\data\manual_wrinkle_masks\07336.png,"(1024, 1024)","(1024, 1024)",True,"[0, 255]",2128,1048576,0.0020294189453125
07375,C:\Users\student\ffhq-wrinkle-dataset\data\images1024x1024\07000\07375.png,C:\Users\student\ffhq-wrinkle-dataset\data\manual_wrinkle_masks\07375.png,"(1024, 1024)","(1024, 1024)",True,"[0, 255]",2479,1048576,0.0023641586303710938
07436,C:\Users\student\ffhq-wrinkle-dataset\data\images1024x1024\07000\07436.png,C:\Users\student\ffhq-wrinkle-dataset\data\manual_wrinkle_masks\07436.png,"(1024, 1024)","(1024, 1024)",True,"[0, 255]",5505,1048576,0.005249977111816406
07567,C:\Users\student\ffhq-wrinkle-dataset\data\images1024x1024\07000\07567.png,C:\Users\student\ffhq-wrinkle-dataset\data\manual_wrinkle_masks\07567.png,"(1024, 1024)","(1024, 1024)",True,"[0, 255]",10455,1048576,0.009970664978027344
07591,C:\Users\student\ffhq-wrinkle-dataset\data\images1024x1024\07000\07591.png,C:\Users\student\ffhq-wrinkle-dataset\data\manual_wrinkle_masks\07591.png,"(1024, 1024)","(1024, 1024)",True,"[0, 255]",417,1048576,0.00039768218994140625
07592,C:\Users\student\ffhq-wrinkle-dataset\data\images1024x1024\07000\07592.png,C:\Users\student\ffhq-wrinkle-dataset\data\manual_wrinkle_masks\07592.png,"(1024, 1024)","(1024, 1024)",True,"[0, 255]",5335,1048576,0.005087852478027344
07649,C:\Users\student\ffhq-wrinkle-dataset\data\images1024x1024\07000\07649.png,C:\Users\student\ffhq-wrinkle-dataset\data\manual_wrinkle_masks\07649.png,"(1024, 1024)","(1024, 1024)",True,"[0, 255]",12058,1048576,0.011499404907226562
07655,C:\Users\student\ffhq-wrinkle-dataset\data\images1024x1024\07000\07655.png,C:\Users\student\ffhq-wrinkle-dataset\data\manual_wrinkle_masks\07655.png,"(1024, 1024)","(1024, 1024)",True,"[0, 255]",1668,1048576,0.001590728759765625
07658,C:\Users\student\ffhq-wrinkle-dataset\data\images1024x1024\07000\07658.png,C:\Users\student\ffhq-wrinkle-dataset\data\manual_wrinkle_masks\07658.png,"(1024, 1024)","(1024, 1024)",True,"[0, 255]",2544,1048576,0.0024261474609375
07694,C:\Users\student\ffhq-wrinkle-dataset\data\images1024x1024\07000\07694.png,C:\Users\student\ffhq-wrinkle-dataset\data\manual_wrinkle_masks\07694.png,"(1024, 1024)","(1024, 1024)",True,"[0, 255]",5020,1048576,0.004787445068359375
07717,C:\Users\student\ffhq-wrinkle-dataset\data\images1024x1024\07000\07717.png,C:\Users\student\ffhq-wrinkle-dataset\data\manual_wrinkle_masks\07717.png,"(1024, 1024)","(1024, 1024)",True,"[0, 255]",2724,1048576,0.002597808837890625
07738,C:\Users\student\ffhq-wrinkle-dataset\data\images1024x1024\07000\07738.png,C:\Users\student\ffhq-wrinkle-dataset\data\manual_wrinkle_masks\07738.png,"(1024, 1024)","(1024, 1024)",True,"[0, 255]",1282,1048576,0.0012226104736328125
07748,C:\Users\student\ffhq-wrinkle-dataset\data\images1024x1024\07000\07748.png,C:\Users\student\ffhq-wrinkle-dataset\data\manual_wrinkle_masks\07748.png,"(1024, 1024)","(1024, 1024)",True,"[0, 255]",1811,1048576,0.0017271041870117188
07750,C:\Users\student\ffhq-wrinkle-dataset\data\images1024x1024\07000\07750.png,C:\Users\student\ffhq-wrinkle-dataset\data\manual_wrinkle_masks\07750.png,"(1024, 1024)","(1024, 1024)",True,"[0, 255]",2266,1048576,0.0021610260009765625
07757,C:\Users\student\ffhq-wrinkle-dataset\data\images1024x1024\07000\07757.png,C:\Users\student\ffhq-wrinkle-dataset\data\manual_wrinkle_masks\07757.png,"(1024, 1024)","(1024, 1024)",True,"[0, 255]",580,1048576,0.000553131103515625
07769,C:\Users\student\ffhq-wrinkle-dataset\data\images1024x1024\07000\07769.png,C:\Users\student\ffhq-wrinkle-dataset\data\manual_wrinkle_masks\07769.png,"(1024, 1024)","(1024, 1024)",True,"[0, 255]",969,1048576,0.0009241104125976562
07798,C:\Users\student\ffhq-wrinkle-dataset\data\images1024x1024\07000\07798.png,C:\Users\student\ffhq-wrinkle-dataset\data\manual_wrinkle_masks\07798.png,"(1024, 1024)","(1024, 1024)",True,"[0, 255]",825,1048576,0.0007867813110351562
07814,C:\Users\student\ffhq-wrinkle-dataset\data\images1024x1024\07000\07814.png,C:\Users\student\ffhq-wrinkle-dataset\data\manual_wrinkle_masks\07814.png,"(1024, 1024)","(1024, 1024)",True,"[0, 255]",2810,1048576,0.0026798248291015625
07816,C:\Users\student\ffhq-wrinkle-dataset\data\images1024x1024\07000\07816.png,C:\Users\student\ffhq-wrinkle-dataset\data\manual_wrinkle_masks\07816.png,"(1024, 1024)","(1024, 1024)",True,"[0, 255]",8613,1048576,0.008213996887207031
07819,C:\Users\student\ffhq-wrinkle-dataset\data\images1024x1024\07000\07819.png,C:\Users\student\ffhq-wrinkle-dataset\data\manual_wrinkle_masks\07819.png,"(1024, 1024)","(1024, 1024)",True,"[0, 255]",2889,1048576,0.0027551651000976562
07820,C:\Users\student\ffhq-wrinkle-dataset\data\images1024x1024\07000\07820.png,C:\Users\student\ffhq-wrinkle-dataset\data\manual_wrinkle_masks\07820.png,"(1024, 1024)","(1024, 1024)",True,"[0, 255]",2796,1048576,0.002666473388671875
07821,C:\Users\student\ffhq-wrinkle-dataset\data\images1024x1024\07000\07821.png,C:\Users\student\ffhq-wrinkle-dataset\data\manual_wrinkle_masks\07821.png,"(1024, 1024)","(1024, 1024)",True,"[0, 255]",3467,1048576,0.0033063888549804688
07822,C:\Users\student\ffhq-wrinkle-dataset\data\images1024x1024\07000\07822.png,C:\Users\student\ffhq-wrinkle-dataset\data\manual_wrinkle_masks\07822.png,"(1024, 1024)","(1024, 1024)",True,"[0, 255]",4943,1048576,0.004714012145996094
07824,C:\Users\student\ffhq-wrinkle-dataset\data\images1024x1024\07000\07824.png,C:\Users\student\ffhq-wrinkle-dataset\data\manual_wrinkle_masks\07824.png,"(1024, 1024)","(1024, 1024)",True,"[0, 255]",4397,1048576,0.004193305969238281
07825,C:\Users\student\ffhq-wrinkle-dataset\data\images1024x1024\07000\07825.png,C:\Users\student\ffhq-wrinkle-dataset\data\manual_wrinkle_masks\07825.png,"(1024, 1024)","(1024, 1024)",True,"[0, 255]",9576,1048576,0.00913238525390625
07829,C:\Users\student\ffhq-wrinkle-dataset\data\images1024x1024\07000\07829.png,C:\Users\student\ffhq-wrinkle-dataset\data\manual_wrinkle_masks\07829.png,"(1024, 1024)","(1024, 1024)",True,"[0, 255]",2929,1048576,0.0027933120727539062
07833,C:\Users\student\ffhq-wrinkle-dataset\data\images1024x1024\07000\07833.png,C:\Users\student\ffhq-wrinkle-dataset\data\manual_wrinkle_masks\07833.png,"(1024, 1024)","(1024, 1024)",True,"[0, 255]",1168,1048576,0.0011138916015625
07834,C:\Users\student\ffhq-wrinkle-dataset\data\images1024x1024\07000\07834.png,C:\Users\student\ffhq-wrinkle-dataset\data\manual_wrinkle_masks\07834.png,"(1024, 1024)","(1024, 1024)",True,"[0, 255]",3836,1048576,0.003658294677734375
07836,C:\Users\student\ffhq-wrinkle-dataset\data\images1024x1024\07000\07836.png,C:\Users\student\ffhq-wrinkle-dataset\data\manual_wrinkle_masks\07836.png,"(1024, 1024)","(1024, 1024)",True,"[0, 255]",2280,1048576,0.00217437744140625
07839,C:\Users\student\ffhq-wrinkle-dataset\data\images1024x1024\07000\07839.png,C:\Users\student\ffhq-wrinkle-dataset\data\manual_wrinkle_masks\07839.png,"(1024, 1024)","(1024, 1024)",True,"[0, 255]",855,1048576,0.0008153915405273438
07844,C:\Users\student\ffhq-wrinkle-dataset\data\images1024x1024\07000\07844.png,C:\Users\student\ffhq-wrinkle-dataset\data\manual_wrinkle_masks\07844.png,"(1024, 1024)","(1024, 1024)",True,"[0, 255]",4163,1048576,0.003970146179199219
07847,C:\Users\student\ffhq-wrinkle-dataset\data\images1024x1024\07000\07847.png,C:\Users\student\ffhq-wrinkle-dataset\data\manual_wrinkle_masks\07847.png,"(1024, 1024)","(1024, 1024)",True,"[0, 255]",2170,1048576,0.0020694732666015625
07850,C:\Users\student\ffhq-wrinkle-dataset\data\images1024x1024\07000\07850.png,C:\Users\student\ffhq-wrinkle-dataset\data\manual_wrinkle_masks\07850.png,"(1024, 1024)","(1024, 1024)",True,"[0, 255]",14102,1048576,0.013448715209960938
07851,C:\Users\student\ffhq-wrinkle-dataset\data\images1024x1024\07000\07851.png,C:\Users\student\ffhq-wrinkle-dataset\data\manual_wrinkle_masks\07851.png,"(1024, 1024)","(1024, 1024)",True,"[0, 255]",5014,1048576,0.0047817230224609375
07852,C:\Users\student\ffhq-wrinkle-dataset\data\images1024x1024\07000\07852.png,C:\Users\student\ffhq-wrinkle-dataset\data\manual_wrinkle_masks\07852.png,"(1024, 1024)","(1024, 1024)",True,"[0, 255]",5174,1048576,0.0049343109130859375
07853,C:\Users\student\ffhq-wrinkle-dataset\data\images1024x1024\07000\07853.png,C:\Users\student\ffhq-wrinkle-dataset\data\manual_wrinkle_masks\07853.png,"(1024, 1024)","(1024, 1024)",True,"[0, 255]",4290,1048576,0.0040912628173828125
07854,C:\Users\student\ffhq-wrinkle-dataset\data\images1024x1024\07000\07854.png,C:\Users\student\ffhq-wrinkle-dataset\data\manual_wrinkle_masks\07854.png,"(1024, 1024)","(1024, 1024)",True,"[0, 255]",5039,1048576,0.004805564880371094
07862,C:\Users\student\ffhq-wrinkle-dataset\data\images1024x1024\07000\07862.png,C:\Users\student\ffhq-wrinkle-dataset\data\manual_wrinkle_masks\07862.png,"(1024, 1024)","(1024, 1024)",True,"[0, 255]",2276,1048576,0.002170562744140625
07865,C:\Users\student\ffhq-wrinkle-dataset\data\images1024x1024\07000\07865.png,C:\Users\student\ffhq-wrinkle-dataset\data\manual_wrinkle_masks\07865.png,"(1024, 1024)","(1024, 1024)",True,"[0, 255]",1653,1048576,0.0015764236450195312
07867,C:\Users\student\ffhq-wrinkle-dataset\data\images1024x1024\07000\07867.png,C:\Users\student\ffhq-wrinkle-dataset\data\manual_wrinkle_masks\07867.png,"(1024, 1024)","(1024, 1024)",True,"[0, 255]",4761,1048576,0.004540443420410156
07871,C:\Users\student\ffhq-wrinkle-dataset\data\images1024x1024\07000\07871.png,C:\Users\student\ffhq-wrinkle-dataset\data\manual_wrinkle_masks\07871.png,"(1024, 1024)","(1024, 1024)",True,"[0, 255]",2459,1048576,0.0023450851440429688
07874,C:\Users\student\ffhq-wrinkle-dataset\data\images1024x1024\07000\07874.png,C:\Users\student\ffhq-wrinkle-dataset\data\manual_wrinkle_masks\07874.png,"(1024, 1024)","(1024, 1024)",True,"[0, 255]",3645,1048576,0.0034761428833007812
07878,C:\Users\student\ffhq-wrinkle-dataset\data\images1024x1024\07000\07878.png,C:\Users\student\ffhq-wrinkle-dataset\data\manual_wrinkle_masks\07878.png,"(1024, 1024)","(1024, 1024)",True,"[0, 255]",2480,1048576,0.0023651123046875
07880,C:\Users\student\ffhq-wrinkle-dataset\data\images1024x1024\07000\07880.png,C:\Users\student\ffhq-wrinkle-dataset\data\manual_wrinkle_masks\07880.png,"(1024, 1024)","(1024, 1024)",True,"[0, 255]",4113,1048576,0.003922462463378906
07881,C:\Users\student\ffhq-wrinkle-dataset\data\images1024x1024\07000\07881.png,C:\Users\student\ffhq-wrinkle-dataset\data\manual_wrinkle_masks\07881.png,"(1024, 1024)","(1024, 1024)",True,"[0, 255]",7644,1048576,0.007289886474609375
07882,C:\Users\student\ffhq-wrinkle-dataset\data\images1024x1024\07000\07882.png,C:\Users\student\ffhq-wrinkle-dataset\data\manual_wrinkle_masks\07882.png,"(1024, 1024)","(1024, 1024)",True,"[0, 255]",5496,1048576,0.00524139404296875
07885,C:\Users\student\ffhq-wrinkle-dataset\data\images1024x1024\07000\07885.png,C:\Users\student\ffhq-wrinkle-dataset\data\manual_wrinkle_masks\07885.png,"(1024, 1024)","(1024, 1024)",True,"[0, 255]",5834,1048576,0.0055637359619140625
07893,C:\Users\student\ffhq-wrinkle-dataset\data\images1024x1024\07000\07893.png,C:\Users\student\ffhq-wrinkle-dataset\data\manual_wrinkle_masks\07893.png,"(1024, 1024)","(1024, 1024)",True,"[0, 255]",5679,1048576,0.005415916442871094
07894,C:\Users\student\ffhq-wrinkle-dataset\data\images1024x1024\07000\07894.png,C:\Users\student\ffhq-wrinkle-dataset\data\manual_wrinkle_masks\07894.png,"(1024, 1024)","(1024, 1024)",True,"[0, 255]",541,1048576,0.0005159378051757812
07895,C:\Users\student\ffhq-wrinkle-dataset\data\images1024x1024\07000\07895.png,C:\Users\student\ffhq-wrinkle-dataset\data\manual_wrinkle_masks\07895.png,"(1024, 1024)","(1024, 1024)",True,"[0, 255]",3386,1048576,0.0032291412353515625
07896,C:\Users\student\ffhq-wrinkle-dataset\data\images1024x1024\07000\07896.png,C:\Users\student\ffhq-wrinkle-dataset\data\manual_wrinkle_masks\07896.png,"(1024, 1024)","(1024, 1024)",True,"[0, 255]",5664,1048576,0.005401611328125
07906,C:\Users\student\ffhq-wrinkle-dataset\data\images1024x1024\07000\07906.png,C:\Users\student\ffhq-wrinkle-dataset\data\manual_wrinkle_masks\07906.png,"(1024, 1024)","(1024, 1024)",True,"[0, 255]",1624,1048576,0.00154876708984375
07907,C:\Users\student\ffhq-wrinkle-dataset\data\images1024x1024\07000\07907.png,C:\Users\student\ffhq-wrinkle-dataset\data\manual_wrinkle_masks\07907.png,"(1024, 1024)","(1024, 1024)",True,"[0, 255]",4077,1048576,0.0038881301879882812
07908,C:\Users\student\ffhq-wrinkle-dataset\data\images1024x1024\07000\07908.png,C:\Users\student\ffhq-wrinkle-dataset\data\manual_wrinkle_masks\07908.png,"(1024, 1024)","(1024, 1024)",True,"[0, 255]",787,1048576,0.0007505416870117188
07909,C:\Users\student\ffhq-wrinkle-dataset\data\images1024x1024\07000\07909.png,C:\Users\student\ffhq-wrinkle-dataset\data\manual_wrinkle_masks\07909.png,"(1024, 1024)","(1024, 1024)",True,"[0, 255]",3427,1048576,0.0032682418823242188
07911,C:\Users\student\ffhq-wrinkle-dataset\data\images1024x1024\07000\07911.png,C:\Users\student\ffhq-wrinkle-dataset\data\manual_wrinkle_masks\07911.png,"(1024, 1024)","(1024, 1024)",True,"[0, 255]",5404,1048576,0.005153656005859375
07914,C:\Users\student\ffhq-wrinkle-dataset\data\images1024x1024\07000\07914.png,C:\Users\student\ffhq-wrinkle-dataset\data\manual_wrinkle_masks\07914.png,"(1024, 1024)","(1024, 1024)",True,"[0, 255]",1742,1048576,0.0016613006591796875
07917,C:\Users\student\ffhq-wrinkle-dataset\data\images1024x1024\07000\07917.png,C:\Users\student\ffhq-wrinkle-dataset\data\manual_wrinkle_masks\07917.png,"(1024, 1024)","(1024, 1024)",True,"[0, 255]",15107,1048576,0.014407157897949219
07919,C:\Users\student\ffhq-wrinkle-dataset\data\images1024x1024\07000\07919.png,C:\Users\student\ffhq-wrinkle-dataset\data\manual_wrinkle_masks\07919.png,"(1024, 1024)","(1024, 1024)",True,"[0, 255]",3747,1048576,0.0035734176635742188
07928,C:\Users\student\ffhq-wrinkle-dataset\data\images1024x1024\07000\07928.png,C:\Users\student\ffhq-wrinkle-dataset\data\manual_wrinkle_masks\07928.png,"(1024, 1024)","(1024, 1024)",True,"[0, 255]",8838,1048576,0.008428573608398438
07932,C:\Users\student\ffhq-wrinkle-dataset\data\images1024x1024\07000\07932.png,C:\Users\student\ffhq-wrinkle-dataset\data\manual_wrinkle_masks\07932.png,"(1024, 1024)","(1024, 1024)",True,"[0, 255]",777,1048576,0.0007410049438476562
07940,C:\Users\student\ffhq-wrinkle-dataset\data\images1024x1024\07000\07940.png,C:\Users\student\ffhq-wrinkle-dataset\data\manual_wrinkle_masks\07940.png,"(1024, 1024)","(1024, 1024)",True,"[0, 255]",2271,1048576,0.0021657943725585938
07948,C:\Users\student\ffhq-wrinkle-dataset\data\images1024x1024\07000\07948.png,C:\Users\student\ffhq-wrinkle-dataset\data\manual_wrinkle_masks\07948.png,"(1024, 1024)","(1024, 1024)",True,"[0, 255]",7492,1048576,0.007144927978515625
07950,C:\Users\student\ffhq-wrinkle-dataset\data\images1024x1024\07000\07950.png,C:\Users\student\ffhq-wrinkle-dataset\data\manual_wrinkle_masks\07950.png,"(1024, 1024)","(1024, 1024)",True,"[0, 255]",4501,1048576,0.004292488098144531
07952,C:\Users\student\ffhq-wrinkle-dataset\data\images1024x1024\07000\07952.png,C:\Users\student\ffhq-wrinkle-dataset\data\manual_wrinkle_masks\07952.png,"(1024, 1024)","(1024, 1024)",True,"[0, 255]",3060,1048576,0.002918243408203125
07953,C:\Users\student\ffhq-wrinkle-dataset\data\images1024x1024\07000\07953.png,C:\Users\student\ffhq-wrinkle-dataset\data\manual_wrinkle_masks\07953.png,"(1024, 1024)","(1024, 1024)",True,"[0, 255]",9296,1048576,0.0088653564453125
07955,C:\Users\student\ffhq-wrinkle-dataset\data\images1024x1024\07000\07955.png,C:\Users\student\ffhq-wrinkle-dataset\data\manual_wrinkle_masks\07955.png,"(1024, 1024)","(1024, 1024)",True,"[0, 255]",3403,1048576,0.0032453536987304688
07960,C:\Users\student\ffhq-wrinkle-dataset\data\images1024x1024\07000\07960.png,C:\Users\student\ffhq-wrinkle-dataset\data\manual_wrinkle_masks\07960.png,"(1024, 1024)","(1024, 1024)",True,"[0, 255]",3139,1048576,0.0029935836791992188
07966,C:\Users\student\ffhq-wrinkle-dataset\data\images1024x1024\07000\07966.png,C:\Users\student\ffhq-wrinkle-dataset\data\manual_wrinkle_masks\07966.png,"(1024, 1024)","(1024, 1024)",True,"[0, 255]",9264,1048576,0.0088348388671875
07970,C:\Users\student\ffhq-wrinkle-dataset\data\images1024x1024\07000\07970.png,C:\Users\student\ffhq-wrinkle-dataset\data\manual_wrinkle_masks\07970.png,"(1024, 1024)","(1024, 1024)",True,"[0, 255]",5752,1048576,0.00548553466796875
07973,C:\Users\student\ffhq-wrinkle-dataset\data\images1024x1024\07000\07973.png,C:\Users\student\ffhq-wrinkle-dataset\data\manual_wrinkle_masks\07973.png,"(1024, 1024)","(1024, 1024)",True,"[0, 255]",1946,1048576,0.0018558502197265625
07990,C:\Users\student\ffhq-wrinkle-dataset\data\images1024x1024\07000\07990.png,C:\Users\student\ffhq-wrinkle-dataset\data\manual_wrinkle_masks\07990.png,"(1024, 1024)","(1024, 1024)",True,"[0, 255]",278,1048576,0.0002651214599609375
07992,C:\Users\student\ffhq-wrinkle-dataset\data\images1024x1024\07000\07992.png,C:\Users\student\ffhq-wrinkle-dataset\data\manual_wrinkle_masks\07992.png,"(1024, 1024)","(1024, 1024)",True,"[0, 255]",1896,1048576,0.00180816650390625
08001,C:\Users\student\ffhq-wrinkle-dataset\data\images1024x1024\08000\08001.png,C:\Users\student\ffhq-wrinkle-dataset\data\manual_wrinkle_masks\08001.png,"(1024, 1024)","(1024, 1024)",True,"[0, 255]",8714,1048576,0.008310317993164062
08004,C:\Users\student\ffhq-wrinkle-dataset\data\images1024x1024\08000\08004.png,C:\Users\student\ffhq-wrinkle-dataset\data\manual_wrinkle_masks\08004.png,"(1024, 1024)","(1024, 1024)",True,"[0, 255]",4147,1048576,0.003954887390136719
08011,C:\Users\student\ffhq-wrinkle-dataset\data\images1024x1024\08000\08011.png,C:\Users\student\ffhq-wrinkle-dataset\data\manual_wrinkle_masks\08011.png,"(1024, 1024)","(1024, 1024)",True,"[0, 255]",7322,1048576,0.0069828033447265625
08014,C:\Users\student\ffhq-wrinkle-dataset\data\images1024x1024\08000\08014.png,C:\Users\student\ffhq-wrinkle-dataset\data\manual_wrinkle_masks\08014.png,"(1024, 1024)","(1024, 1024)",True,"[0, 255]",858,1048576,0.0008182525634765625
08015,C:\Users\student\ffhq-wrinkle-dataset\data\images1024x1024\08000\08015.png,C:\Users\student\ffhq-wrinkle-dataset\data\manual_wrinkle_masks\08015.png,"(1024, 1024)","(1024, 1024)",True,"[0, 255]",6292,1048576,0.006000518798828125
08017,C:\Users\student\ffhq-wrinkle-dataset\data\images1024x1024\08000\08017.png,C:\Users\student\ffhq-wrinkle-dataset\data\manual_wrinkle_masks\08017.png,"(1024, 1024)","(1024, 1024)",True,"[0, 255]",3620,1048576,0.003452301025390625
08021,C:\Users\student\ffhq-wrinkle-dataset\data\images1024x1024\08000\08021.png,C:\Users\student\ffhq-wrinkle-dataset\data\manual_wrinkle_masks\08021.png,"(1024, 1024)","(1024, 1024)",True,"[0, 255]",3255,1048576,0.0031042098999023438
08023,C:\Users\student\ffhq-wrinkle-dataset\data\images1024x1024\08000\08023.png,C:\Users\student\ffhq-wrinkle-dataset\data\manual_wrinkle_masks\08023.png,"(1024, 1024)","(1024, 1024)",True,"[0, 255]",3350,1048576,0.0031948089599609375
08030,C:\Users\student\ffhq-wrinkle-dataset\data\images1024x1024\08000\08030.png,C:\Users\student\ffhq-wrinkle-dataset\data\manual_wrinkle_masks\08030.png,"(1024, 1024)","(1024, 1024)",True,"[0, 255]",3574,1048576,0.0034084320068359375
08031,C:\Users\student\ffhq-wrinkle-dataset\data\images1024x1024\08000\08031.png,C:\Users\student\ffhq-wrinkle-dataset\data\manual_wrinkle_masks\08031.png,"(1024, 1024)","(1024, 1024)",True,"[0, 255]",2490,1048576,0.0023746490478515625
08032,C:\Users\student\ffhq-wrinkle-dataset\data\images1024x1024\08000\08032.png,C:\Users\student\ffhq-wrinkle-dataset\data\manual_wrinkle_masks\08032.png,"(1024, 1024)","(1024, 1024)",True,"[0, 255]",2069,1048576,0.0019731521606445312
08033,C:\Users\student\ffhq-wrinkle-dataset\data\images1024x1024\08000\08033.png,C:\Users\student\ffhq-wrinkle-dataset\data\manual_wrinkle_masks\08033.png,"(1024, 1024)","(1024, 1024)",True,"[0, 255]",9173,1048576,0.008748054504394531
08035,C:\Users\student\ffhq-wrinkle-dataset\data\images1024x1024\08000\08035.png,C:\Users\student\ffhq-wrinkle-dataset\data\manual_wrinkle_masks\08035.png,"(1024, 1024)","(1024, 1024)",True,"[0, 255]",10543,1048576,0.010054588317871094
08040,C:\Users\student\ffhq-wrinkle-dataset\data\images1024x1024\08000\08040.png,C:\Users\student\ffhq-wrinkle-dataset\data\manual_wrinkle_masks\08040.png,"(1024, 1024)","(1024, 1024)",True,"[0, 255]",2755,1048576,0.0026273727416992188
08041,C:\Users\student\ffhq-wrinkle-dataset\data\images1024x1024\08000\08041.png,C:\Users\student\ffhq-wrinkle-dataset\data\manual_wrinkle_masks\08041.png,"(1024, 1024)","(1024, 1024)",True,"[0, 255]",2301,1048576,0.0021944046020507812
08044,C:\Users\student\ffhq-wrinkle-dataset\data\images1024x1024\08000\08044.png,C:\Users\student\ffhq-wrinkle-dataset\data\manual_wrinkle_masks\08044.png,"(1024, 1024)","(1024, 1024)",True,"[0, 255]",4944,1048576,0.0047149658203125
08045,C:\Users\student\ffhq-wrinkle-dataset\data\images1024x1024\08000\08045.png,C:\Users\student\ffhq-wrinkle-dataset\data\manual_wrinkle_masks\08045.png,"(1024, 1024)","(1024, 1024)",True,"[0, 255]",6385,1048576,0.006089210510253906
08046,C:\Users\student\ffhq-wrinkle-dataset\data\images1024x1024\08000\08046.png,C:\Users\student\ffhq-wrinkle-dataset\data\manual_wrinkle_masks\08046.png,"(1024, 1024)","(1024, 1024)",True,"[0, 255]",3747,1048576,0.0035734176635742188
08052,C:\Users\student\ffhq-wrinkle-dataset\data\images1024x1024\08000\08052.png,C:\Users\student\ffhq-wrinkle-dataset\data\manual_wrinkle_masks\08052.png,"(1024, 1024)","(1024, 1024)",True,"[0, 255]",4694,1048576,0.0044765472412109375
08053,C:\Users\student\ffhq-wrinkle-dataset\data\images1024x1024\08000\08053.png,C:\Users\student\ffhq-wrinkle-dataset\data\manual_wrinkle_masks\08053.png,"(1024, 1024)","(1024, 1024)",True,"[0, 255]",6320,1048576,0.0060272216796875
08054,C:\Users\student\ffhq-wrinkle-dataset\data\images1024x1024\08000\08054.png,C:\Users\student\ffhq-wrinkle-dataset\data\manual_wrinkle_masks\08054.png,"(1024, 1024)","(1024, 1024)",True,"[0, 255]",1489,1048576,0.0014200210571289062
08056,C:\Users\student\ffhq-wrinkle-dataset\data\images1024x1024\08000\08056.png,C:\Users\student\ffhq-wrinkle-dataset\data\manual_wrinkle_masks\08056.png,"(1024, 1024)","(1024, 1024)",True,"[0, 255]",7105,1048576,0.006775856018066406
08059,C:\Users\student\ffhq-wrinkle-dataset\data\images1024x1024\08000\08059.png,C:\Users\student\ffhq-wrinkle-dataset\data\manual_wrinkle_masks\08059.png,"(1024, 1024)","(1024, 1024)",True,"[0, 255]",4623,1048576,0.004408836364746094
08061,C:\Users\student\ffhq-wrinkle-dataset\data\images1024x1024\08000\08061.png,C:\Users\student\ffhq-wrinkle-dataset\data\manual_wrinkle_masks\08061.png,"(1024, 1024)","(1024, 1024)",True,"[0, 255]",2754,1048576,0.0026264190673828125
08066,C:\Users\student\ffhq-wrinkle-dataset\data\images1024x1024\08000\08066.png,C:\Users\student\ffhq-wrinkle-dataset\data\manual_wrinkle_masks\08066.png,"(1024, 1024)","(1024, 1024)",True,"[0, 255]",7419,1048576,0.007075309753417969
08067,C:\Users\student\ffhq-wrinkle-dataset\data\images1024x1024\08000\08067.png,C:\Users\student\ffhq-wrinkle-dataset\data\manual_wrinkle_masks\08067.png,"(1024, 1024)","(1024, 1024)",True,"[0, 255]",3372,1048576,0.003215789794921875
08068,C:\Users\student\ffhq-wrinkle-dataset\data\images1024x1024\08000\08068.png,C:\Users\student\ffhq-wrinkle-dataset\data\manual_wrinkle_masks\08068.png,"(1024, 1024)","(1024, 1024)",True,"[0, 255]",10987,1048576,0.010478019714355469
08072,C:\Users\student\ffhq-wrinkle-dataset\data\images1024x1024\08000\08072.png,C:\Users\student\ffhq-wrinkle-dataset\data\manual_wrinkle_masks\08072.png,"(1024, 1024)","(1024, 1024)",True,"[0, 255]",2791,1048576,0.0026617050170898438
08073,C:\Users\student\ffhq-wrinkle-dataset\data\images1024x1024\08000\08073.png,C:\Users\student\ffhq-wrinkle-dataset\data\manual_wrinkle_masks\08073.png,"(1024, 1024)","(1024, 1024)",True,"[0, 255]",3263,1048576,0.0031118392944335938
08075,C:\Users\student\ffhq-wrinkle-dataset\data\images1024x1024\08000\08075.png,C:\Users\student\ffhq-wrinkle-dataset\data\manual_wrinkle_masks\08075.png,"(1024, 1024)","(1024, 1024)",True,"[0, 255]",8677,1048576,0.008275032043457031
08083,C:\Users\student\ffhq-wrinkle-dataset\data\images1024x1024\08000\08083.png,C:\Users\student\ffhq-wrinkle-dataset\data\manual_wrinkle_masks\08083.png,"(1024, 1024)","(1024, 1024)",True,"[0, 255]",7405,1048576,0.007061958312988281
08085,C:\Users\student\ffhq-wrinkle-dataset\data\images1024x1024\08000\08085.png,C:\Users\student\ffhq-wrinkle-dataset\data\manual_wrinkle_masks\08085.png,"(1024, 1024)","(1024, 1024)",True,"[0, 255]",2087,1048576,0.0019903182983398438
08088,C:\Users\student\ffhq-wrinkle-dataset\data\images1024x1024\08000\08088.png,C:\Users\student\ffhq-wrinkle-dataset\data\manual_wrinkle_masks\08088.png,"(1024, 1024)","(1024, 1024)",True,"[0, 255]",2152,1048576,0.00205230712890625
08089,C:\Users\student\ffhq-wrinkle-dataset\data\images1024x1024\08000\08089.png,C:\Users\student\ffhq-wrinkle-dataset\data\manual_wrinkle_masks\08089.png,"(1024, 1024)","(1024, 1024)",True,"[0, 255]",1259,1048576,0.0012006759643554688
08091,C:\Users\student\ffhq-wrinkle-dataset\data\images1024x1024\08000\08091.png,C:\Users\student\ffhq-wrinkle-dataset\data\manual_wrinkle_masks\08091.png,"(1024, 1024)","(1024, 1024)",True,"[0, 255]",8648,1048576,0.00824737548828125
08093,C:\Users\student\ffhq-wrinkle-dataset\data\images1024x1024\08000\08093.png,C:\Users\student\ffhq-wrinkle-dataset\data\manual_wrinkle_masks\08093.png,"(1024, 1024)","(1024, 1024)",True,"[0, 255]",1764,1048576,0.001682281494140625
08094,C:\Users\student\ffhq-wrinkle-dataset\data\images1024x1024\08000\08094.png,C:\Users\student\ffhq-wrinkle-dataset\data\manual_wrinkle_masks\08094.png,"(1024, 1024)","(1024, 1024)",True,"[0, 255]",1342,1048576,0.0012798309326171875
08096,C:\Users\student\ffhq-wrinkle-dataset\data\images1024x1024\08000\08096.png,C:\Users\student\ffhq-wrinkle-dataset\data\manual_wrinkle_masks\08096.png,"(1024, 1024)","(1024, 1024)",True,"[0, 255]",4021,1048576,0.0038347244262695312
08097,C:\Users\student\ffhq-wrinkle-dataset\data\images1024x1024\08000\08097.png,C:\Users\student\ffhq-wrinkle-dataset\data\manual_wrinkle_masks\08097.png,"(1024, 1024)","(1024, 1024)",True,"[0, 255]",3025,1048576,0.0028848648071289062
08099,C:\Users\student\ffhq-wrinkle-dataset\data\images1024x1024\08000\08099.png,C:\Users\student\ffhq-wrinkle-dataset\data\manual_wrinkle_masks\08099.png,"(1024, 1024)","(1024, 1024)",True,"[0, 255]",3460,1048576,0.003299713134765625
08100,C:\Users\student\ffhq-wrinkle-dataset\data\images1024x1024\08000\08100.png,C:\Users\student\ffhq-wrinkle-dataset\data\manual_wrinkle_masks\08100.png,"(1024, 1024)","(1024, 1024)",True,"[0, 255]",2071,1048576,0.0019750595092773438
08102,C:\Users\student\ffhq-wrinkle-dataset\data\images1024x1024\08000\08102.png,C:\Users\student\ffhq-wrinkle-dataset\data\manual_wrinkle_masks\08102.png,"(1024, 1024)","(1024, 1024)",True,"[0, 255]",2567,1048576,0.0024480819702148438
08103,C:\Users\student\ffhq-wrinkle-dataset\data\images1024x1024\08000\08103.png,C:\Users\student\ffhq-wrinkle-dataset\data\manual_wrinkle_masks\08103.png,"(1024, 1024)","(1024, 1024)",True,"[0, 255]",1371,1048576,0.0013074874877929688
08105,C:\Users\student\ffhq-wrinkle-dataset\data\images1024x1024\08000\08105.png,C:\Users\student\ffhq-wrinkle-dataset\data\manual_wrinkle_masks\08105.png,"(1024, 1024)","(1024, 1024)",True,"[0, 255]",2468,1048576,0.002353668212890625
08111,C:\Users\student\ffhq-wrinkle-dataset\data\images1024x1024\08000\08111.png,C:\Users\student\ffhq-wrinkle-dataset\data\manual_wrinkle_masks\08111.png,"(1024, 1024)","(1024, 1024)",True,"[0, 255]",3730,1048576,0.0035572052001953125
08113,C:\Users\student\ffhq-wrinkle-dataset\data\images1024x1024\08000\08113.png,C:\Users\student\ffhq-wrinkle-dataset\data\manual_wrinkle_masks\08113.png,"(1024, 1024)","(1024, 1024)",True,"[0, 255]",4000,1048576,0.003814697265625
08115,C:\Users\student\ffhq-wrinkle-dataset\data\images1024x1024\08000\08115.png,C:\Users\student\ffhq-wrinkle-dataset\data\manual_wrinkle_masks\08115.png,"(1024, 1024)","(1024, 1024)",True,"[0, 255]",8164,1048576,0.007785797119140625
08116,C:\Users\student\ffhq-wrinkle-dataset\data\images1024x1024\08000\08116.png,C:\Users\student\ffhq-wrinkle-dataset\data\manual_wrinkle_masks\08116.png,"(1024, 1024)","(1024, 1024)",True,"[0, 255]",5375,1048576,0.005125999450683594
08123,C:\Users\student\ffhq-wrinkle-dataset\data\images1024x1024\08000\08123.png,C:\Users\student\ffhq-wrinkle-dataset\data\manual_wrinkle_masks\08123.png,"(1024, 1024)","(1024, 1024)",True,"[0, 255]",6224,1048576,0.0059356689453125
08127,C:\Users\student\ffhq-wrinkle-dataset\data\images1024x1024\08000\08127.png,C:\Users\student\ffhq-wrinkle-dataset\data\manual_wrinkle_masks\08127.png,"(1024, 1024)","(1024, 1024)",True,"[0, 255]",2078,1048576,0.0019817352294921875
08133,C:\Users\student\ffhq-wrinkle-dataset\data\images1024x1024\08000\08133.png,C:\Users\student\ffhq-wrinkle-dataset\data\manual_wrinkle_masks\08133.png,"(1024, 1024)","(1024, 1024)",True,"[0, 255]",8612,1048576,0.008213043212890625
08136,C:\Users\student\ffhq-wrinkle-dataset\data\images1024x1024\08000\08136.png,C:\Users\student\ffhq-wrinkle-dataset\data\manual_wrinkle_masks\08136.png,"(1024, 1024)","(1024, 1024)",True,"[0, 255]",4382,1048576,0.0041790008544921875
08138,C:\Users\student\ffhq-wrinkle-dataset\data\images1024x1024\08000\08138.png,C:\Users\student\ffhq-wrinkle-dataset\data\manual_wrinkle_masks\08138.png,"(1024, 1024)","(1024, 1024)",True,"[0, 255]",2892,1048576,0.002758026123046875
08144,C:\Users\student\ffhq-wrinkle-dataset\data\images1024x1024\08000\08144.png,C:\Users\student\ffhq-wrinkle-dataset\data\manual_wrinkle_masks\08144.png,"(1024, 1024)","(1024, 1024)",True,"[0, 255]",4215,1048576,0.004019737243652344
08147,C:\Users\student\ffhq-wrinkle-dataset\data\images1024x1024\08000\08147.png,C:\Users\student\ffhq-wrinkle-dataset\data\manual_wrinkle_masks\08147.png,"(1024, 1024)","(1024, 1024)",True,"[0, 255]",2520,1048576,0.00240325927734375
08152,C:\Users\student\ffhq-wrinkle-dataset\data\images1024x1024\08000\08152.png,C:\Users\student\ffhq-wrinkle-dataset\data\manual_wrinkle_masks\08152.png,"(1024, 1024)","(1024, 1024)",True,"[0, 255]",8179,1048576,0.007800102233886719
08155,C:\Users\student\ffhq-wrinkle-dataset\data\images1024x1024\08000\08155.png,C:\Users\student\ffhq-wrinkle-dataset\data\manual_wrinkle_masks\08155.png,"(1024, 1024)","(1024, 1024)",True,"[0, 255]",3722,1048576,0.0035495758056640625
08158,C:\Users\student\ffhq-wrinkle-dataset\data\images1024x1024\08000\08158.png,C:\Users\student\ffhq-wrinkle-dataset\data\manual_wrinkle_masks\08158.png,"(1024, 1024)","(1024, 1024)",True,"[0, 255]",8569,1048576,0.008172035217285156
08162,C:\Users\student\ffhq-wrinkle-dataset\data\images1024x1024\08000\08162.png,C:\Users\student\ffhq-wrinkle-dataset\data\manual_wrinkle_masks\08162.png,"(1024, 1024)","(1024, 1024)",True,"[0, 255]",3083,1048576,0.0029401779174804688
08168,C:\Users\student\ffhq-wrinkle-dataset\data\images1024x1024\08000\08168.png,C:\Users\student\ffhq-wrinkle-dataset\data\manual_wrinkle_masks\08168.png,"(1024, 1024)","(1024, 1024)",True,"[0, 255]",5328,1048576,0.0050811767578125
08169,C:\Users\student\ffhq-wrinkle-dataset\data\images1024x1024\08000\08169.png,C:\Users\student\ffhq-wrinkle-dataset\data\manual_wrinkle_masks\08169.png,"(1024, 1024)","(1024, 1024)",True,"[0, 255]",4085,1048576,0.0038957595825195312
08173,C:\Users\student\ffhq-wrinkle-dataset\data\images1024x1024\08000\08173.png,C:\Users\student\ffhq-wrinkle-dataset\data\manual_wrinkle_masks\08173.png,"(1024, 1024)","(1024, 1024)",True,"[0, 255]",2528,1048576,0.002410888671875
08174,C:\Users\student\ffhq-wrinkle-dataset\data\images1024x1024\08000\08174.png,C:\Users\student\ffhq-wrinkle-dataset\data\manual_wrinkle_masks\08174.png,"(1024, 1024)","(1024, 1024)",True,"[0, 255]",3537,1048576,0.0033731460571289062
08177,C:\Users\student\ffhq-wrinkle-dataset\data\images1024x1024\08000\08177.png,C:\Users\student\ffhq-wrinkle-dataset\data\manual_wrinkle_masks\08177.png,"(1024, 1024)","(1024, 1024)",True,"[0, 255]",9093,1048576,0.008671760559082031
08178,C:\Users\student\ffhq-wrinkle-dataset\data\images1024x1024\08000\08178.png,C:\Users\student\ffhq-wrinkle-dataset\data\manual_wrinkle_masks\08178.png,"(1024, 1024)","(1024, 1024)",True,"[0, 255]",3854,1048576,0.0036754608154296875
08182,C:\Users\student\ffhq-wrinkle-dataset\data\images1024x1024\08000\08182.png,C:\Users\student\ffhq-wrinkle-dataset\data\manual_wrinkle_masks\08182.png,"(1024, 1024)","(1024, 1024)",True,"[0, 255]",4143,1048576,0.003951072692871094
08184,C:\Users\student\ffhq-wrinkle-dataset\data\images1024x1024\08000\08184.png,C:\Users\student\ffhq-wrinkle-dataset\data\manual_wrinkle_masks\08184.png,"(1024, 1024)","(1024, 1024)",True,"[0, 255]",4758,1048576,0.0045375823974609375
08187,C:\Users\student\ffhq-wrinkle-dataset\data\images1024x1024\08000\08187.png,C:\Users\student\ffhq-wrinkle-dataset\data\manual_wrinkle_masks\08187.png,"(1024, 1024)","(1024, 1024)",True,"[0, 255]",2268,1048576,0.002162933349609375
08188,C:\Users\student\ffhq-wrinkle-dataset\data\images1024x1024\08000\08188.png,C:\Users\student\ffhq-wrinkle-dataset\data\manual_wrinkle_masks\08188.png,"(1024, 1024)","(1024, 1024)",True,"[0, 255]",4260,1048576,0.004062652587890625
08190,C:\Users\student\ffhq-wrinkle-dataset\data\images1024x1024\08000\08190.png,C:\Users\student\ffhq-wrinkle-dataset\data\manual_wrinkle_masks\08190.png,"(1024, 1024)","(1024, 1024)",True,"[0, 255]",1054,1048576,0.0010051727294921875
08192,C:\Users\student\ffhq-wrinkle-dataset\data\images1024x1024\08000\08192.png,C:\Users\student\ffhq-wrinkle-dataset\data\manual_wrinkle_masks\08192.png,"(1024, 1024)","(1024, 1024)",True,"[0, 255]",2591,1048576,0.0024709701538085938
08196,C:\Users\student\ffhq-wrinkle-dataset\data\images1024x1024\08000\08196.png,C:\Users\student\ffhq-wrinkle-dataset\data\manual_wrinkle_masks\08196.png,"(1024, 1024)","(1024, 1024)",True,"[0, 255]",1500,1048576,0.001430511474609375
08201,C:\Users\student\ffhq-wrinkle-dataset\data\images1024x1024\08000\08201.png,C:\Users\student\ffhq-wrinkle-dataset\data\manual_wrinkle_masks\08201.png,"(1024, 1024)","(1024, 1024)",True,"[0, 255]",5890,1048576,0.0056171417236328125
08207,C:\Users\student\ffhq-wrinkle-dataset\data\images1024x1024\08000\08207.png,C:\Users\student\ffhq-wrinkle-dataset\data\manual_wrinkle_masks\08207.png,"(1024, 1024)","(1024, 1024)",True,"[0, 255]",1266,1048576,0.0012073516845703125
08208,C:\Users\student\ffhq-wrinkle-dataset\data\images1024x1024\08000\08208.png,C:\Users\student\ffhq-wrinkle-dataset\data\manual_wrinkle_masks\08208.png,"(1024, 1024)","(1024, 1024)",True,"[0, 255]",7511,1048576,0.007163047790527344
08209,C:\Users\student\ffhq-wrinkle-dataset\data\images1024x1024\08000\08209.png,C:\Users\student\ffhq-wrinkle-dataset\data\manual_wrinkle_masks\08209.png,"(1024, 1024)","(1024, 1024)",True,"[0, 255]",3311,1048576,0.0031576156616210938
08210,C:\Users\student\ffhq-wrinkle-dataset\data\images1024x1024\08000\08210.png,C:\Users\student\ffhq-wrinkle-dataset\data\manual_wrinkle_masks\08210.png,"(1024, 1024)","(1024, 1024)",True,"[0, 255]",3499,1048576,0.0033369064331054688
08211,C:\Users\student\ffhq-wrinkle-dataset\data\images1024x1024\08000\08211.png,C:\Users\student\ffhq-wrinkle-dataset\data\manual_wrinkle_masks\08211.png,"(1024, 1024)","(1024, 1024)",True,"[0, 255]",2519,1048576,0.0024023056030273438
08212,C:\Users\student\ffhq-wrinkle-dataset\data\images1024x1024\08000\08212.png,C:\Users\student\ffhq-wrinkle-dataset\data\manual_wrinkle_masks\08212.png,"(1024, 1024)","(1024, 1024)",True,"[0, 255]",1578,1048576,0.0015048980712890625
08214,C:\Users\student\ffhq-wrinkle-dataset\data\images1024x1024\08000\08214.png,C:\Users\student\ffhq-wrinkle-dataset\data\manual_wrinkle_masks\08214.png,"(1024, 1024)","(1024, 1024)",True,"[0, 255]",3988,1048576,0.003803253173828125
08219,C:\Users\student\ffhq-wrinkle-dataset\data\images1024x1024\08000\08219.png,C:\Users\student\ffhq-wrinkle-dataset\data\manual_wrinkle_masks\08219.png,"(1024, 1024)","(1024, 1024)",True,"[0, 255]",5872,1048576,0.0055999755859375
08222,C:\Users\student\ffhq-wrinkle-dataset\data\images1024x1024\08000\08222.png,C:\Users\student\ffhq-wrinkle-dataset\data\manual_wrinkle_masks\08222.png,"(1024, 1024)","(1024, 1024)",True,"[0, 255]",4332,1048576,0.004131317138671875
08224,C:\Users\student\ffhq-wrinkle-dataset\data\images1024x1024\08000\08224.png,C:\Users\student\ffhq-wrinkle-dataset\data\manual_wrinkle_masks\08224.png,"(1024, 1024)","(1024, 1024)",True,"[0, 255]",2453,1048576,0.0023393630981445312
08225,C:\Users\student\ffhq-wrinkle-dataset\data\images1024x1024\08000\08225.png,C:\Users\student\ffhq-wrinkle-dataset\data\manual_wrinkle_masks\08225.png,"(1024, 1024)","(1024, 1024)",True,"[0, 255]",6236,1048576,0.005947113037109375
08229,C:\Users\student\ffhq-wrinkle-dataset\data\images1024x1024\08000\08229.png,C:\Users\student\ffhq-wrinkle-dataset\data\manual_wrinkle_masks\08229.png,"(1024, 1024)","(1024, 1024)",True,"[0, 255]",4006,1048576,0.0038204193115234375
08230,C:\Users\student\ffhq-wrinkle-dataset\data\images1024x1024\08000\08230.png,C:\Users\student\ffhq-wrinkle-dataset\data\manual_wrinkle_masks\08230.png,"(1024, 1024)","(1024, 1024)",True,"[0, 255]",3180,1048576,0.003032684326171875
08235,C:\Users\student\ffhq-wrinkle-dataset\data\images1024x1024\08000\08235.png,C:\Users\student\ffhq-wrinkle-dataset\data\manual_wrinkle_masks\08235.png,"(1024, 1024)","(1024, 1024)",True,"[0, 255]",2320,1048576,0.0022125244140625
08236,C:\Users\student\ffhq-wrinkle-dataset\data\images1024x1024\08000\08236.png,C:\Users\student\ffhq-wrinkle-dataset\data\manual_wrinkle_masks\08236.png,"(1024, 1024)","(1024, 1024)",True,"[0, 255]",1763,1048576,0.0016813278198242188
08239,C:\Users\student\ffhq-wrinkle-dataset\data\images1024x1024\08000\08239.png,C:\Users\student\ffhq-wrinkle-dataset\data\manual_wrinkle_masks\08239.png,"(1024, 1024)","(1024, 1024)",True,"[0, 255]",2907,1048576,0.0027723312377929688
08247,C:\Users\student\ffhq-wrinkle-dataset\data\images1024x1024\08000\08247.png,C:\Users\student\ffhq-wrinkle-dataset\data\manual_wrinkle_masks\08247.png,"(1024, 1024)","(1024, 1024)",True,"[0, 255]",5481,1048576,0.005227088928222656
08250,C:\Users\student\ffhq-wrinkle-dataset\data\images1024x1024\08000\08250.png,C:\Users\student\ffhq-wrinkle-dataset\data\manual_wrinkle_masks\08250.png,"(1024, 1024)","(1024, 1024)",True,"[0, 255]",3063,1048576,0.0029211044311523438
08251,C:\Users\student\ffhq-wrinkle-dataset\data\images1024x1024\08000\08251.png,C:\Users\student\ffhq-wrinkle-dataset\data\manual_wrinkle_masks\08251.png,"(1024, 1024)","(1024, 1024)",True,"[0, 255]",2708,1048576,0.002582550048828125
08254,C:\Users\student\ffhq-wrinkle-dataset\data\images1024x1024\08000\08254.png,C:\Users\student\ffhq-wrinkle-dataset\data\manual_wrinkle_masks\08254.png,"(1024, 1024)","(1024, 1024)",True,"[0, 255]",4490,1048576,0.0042819976806640625
08255,C:\Users\student\ffhq-wrinkle-dataset\data\images1024x1024\08000\08255.png,C:\Users\student\ffhq-wrinkle-dataset\data\manual_wrinkle_masks\08255.png,"(1024, 1024)","(1024, 1024)",True,"[0, 255]",3547,1048576,0.0033826828002929688
08257,C:\Users\student\ffhq-wrinkle-dataset\data\images1024x1024\08000\08257.png,C:\Users\student\ffhq-wrinkle-dataset\data\manual_wrinkle_masks\08257.png,"(1024, 1024)","(1024, 1024)",True,"[0, 255]",8641,1048576,0.008240699768066406
08260,C:\Users\student\ffhq-wrinkle-dataset\data\images1024x1024\08000\08260.png,C:\Users\student\ffhq-wrinkle-dataset\data\manual_wrinkle_masks\08260.png,"(1024, 1024)","(1024, 1024)",True,"[0, 255]",3417,1048576,0.0032587051391601562
08267,C:\Users\student\ffhq-wrinkle-dataset\data\images1024x1024\08000\08267.png,C:\Users\student\ffhq-wrinkle-dataset\data\manual_wrinkle_masks\08267.png,"(1024, 1024)","(1024, 1024)",True,"[0, 255]",5338,1048576,0.0050907135009765625
08268,C:\Users\student\ffhq-wrinkle-dataset\data\images1024x1024\08000\08268.png,C:\Users\student\ffhq-wrinkle-dataset\data\manual_wrinkle_masks\08268.png,"(1024, 1024)","(1024, 1024)",True,"[0, 255]",12055,1048576,0.011496543884277344
08278,C:\Users\student\ffhq-wrinkle-dataset\data\images1024x1024\08000\08278.png,C:\Users\student\ffhq-wrinkle-dataset\data\manual_wrinkle_masks\08278.png,"(1024, 1024)","(1024, 1024)",True,"[0, 255]",3011,1048576,0.0028715133666992188
08279,C:\Users\student\ffhq-wrinkle-dataset\data\images1024x1024\08000\08279.png,C:\Users\student\ffhq-wrinkle-dataset\data\manual_wrinkle_masks\08279.png,"(1024, 1024)","(1024, 1024)",True,"[0, 255]",3387,1048576,0.0032300949096679688
08281,C:\Users\student\ffhq-wrinkle-dataset\data\images1024x1024\08000\08281.png,C:\Users\student\ffhq-wrinkle-dataset\data\manual_wrinkle_masks\08281.png,"(1024, 1024)","(1024, 1024)",True,"[0, 255]",5291,1048576,0.005045890808105469
08283,C:\Users\student\ffhq-wrinkle-dataset\data\images1024x1024\08000\08283.png,C:\Users\student\ffhq-wrinkle-dataset\data\manual_wrinkle_masks\08283.png,"(1024, 1024)","(1024, 1024)",True,"[0, 255]",2263,1048576,0.0021581649780273438
09005,C:\Users\student\ffhq-wrinkle-dataset\data\images1024x1024\09000\09005.png,C:\Users\student\ffhq-wrinkle-dataset\data\manual_wrinkle_masks\09005.png,"(1024, 1024)","(1024, 1024)",True,"[0, 255]",18423,1048576,0.017569541931152344
09009,C:\Users\student\ffhq-wrinkle-dataset\data\images1024x1024\09000\09009.png,C:\Users\student\ffhq-wrinkle-dataset\data\manual_wrinkle_masks\09009.png,"(1024, 1024)","(1024, 1024)",True,"[0, 255]",6826,1048576,0.0065097808837890625
09010,C:\Users\student\ffhq-wrinkle-dataset\data\images1024x1024\09000\09010.png,C:\Users\student\ffhq-wrinkle-dataset\data\manual_wrinkle_masks\09010.png,"(1024, 1024)","(1024, 1024)",True,"[0, 255]",3229,1048576,0.0030794143676757812
09017,C:\Users\student\ffhq-wrinkle-dataset\data\images1024x1024\09000\09017.png,C:\Users\student\ffhq-wrinkle-dataset\data\manual_wrinkle_masks\09017.png,"(1024, 1024)","(1024, 1024)",True,"[0, 255]",17276,1048576,0.016475677490234375
09019,C:\Users\student\ffhq-wrinkle-dataset\data\images1024x1024\09000\09019.png,C:\Users\student\ffhq-wrinkle-dataset\data\manual_wrinkle_masks\09019.png,"(1024, 1024)","(1024, 1024)",True,"[0, 255]",3949,1048576,0.0037660598754882812
09023,C:\Users\student\ffhq-wrinkle-dataset\data\images1024x1024\09000\09023.png,C:\Users\student\ffhq-wrinkle-dataset\data\manual_wrinkle_masks\09023.png,"(1024, 1024)","(1024, 1024)",True,"[0, 255]",2434,1048576,0.0023212432861328125
09026,C:\Users\student\ffhq-wrinkle-dataset\data\images1024x1024\09000\09026.png,C:\Users\student\ffhq-wrinkle-dataset\data\manual_wrinkle_masks\09026.png,"(1024, 1024)","(1024, 1024)",True,"[0, 255]",7908,1048576,0.007541656494140625
09027,C:\Users\student\ffhq-wrinkle-dataset\data\images1024x1024\09000\09027.png,C:\Users\student\ffhq-wrinkle-dataset\data\manual_wrinkle_masks\09027.png,"(1024, 1024)","(1024, 1024)",True,"[0, 255]",10514,1048576,0.010026931762695312
09028,C:\Users\student\ffhq-wrinkle-dataset\data\images1024x1024\09000\09028.png,C:\Users\student\ffhq-wrinkle-dataset\data\manual_wrinkle_masks\09028.png,"(1024, 1024)","(1024, 1024)",True,"[0, 255]",6366,1048576,0.0060710906982421875
09031,C:\Users\student\ffhq-wrinkle-dataset\data\images1024x1024\09000\09031.png,C:\Users\student\ffhq-wrinkle-dataset\data\manual_wrinkle_masks\09031.png,"(1024, 1024)","(1024, 1024)",True,"[0, 255]",2593,1048576,0.0024728775024414062
09033,C:\Users\student\ffhq-wrinkle-dataset\data\images1024x1024\09000\09033.png,C:\Users\student\ffhq-wrinkle-dataset\data\manual_wrinkle_masks\09033.png,"(1024, 1024)","(1024, 1024)",True,"[0, 255]",14052,1048576,0.013401031494140625
09035,C:\Users\student\ffhq-wrinkle-dataset\data\images1024x1024\09000\09035.png,C:\Users\student\ffhq-wrinkle-dataset\data\manual_wrinkle_masks\09035.png,"(1024, 1024)","(1024, 1024)",True,"[0, 255]",15195,1048576,0.014491081237792969
09040,C:\Users\student\ffhq-wrinkle-dataset\data\images1024x1024\09000\09040.png,C:\Users\student\ffhq-wrinkle-dataset\data\manual_wrinkle_masks\09040.png,"(1024, 1024)","(1024, 1024)",True,"[0, 255]",7939,1048576,0.007571220397949219
09043,C:\Users\student\ffhq-wrinkle-dataset\data\images1024x1024\09000\09043.png,C:\Users\student\ffhq-wrinkle-dataset\data\manual_wrinkle_masks\09043.png,"(1024, 1024)","(1024, 1024)",True,"[0, 255]",6853,1048576,0.006535530090332031
09046,C:\Users\student\ffhq-wrinkle-dataset\data\images1024x1024\09000\09046.png,C:\Users\student\ffhq-wrinkle-dataset\data\manual_wrinkle_masks\09046.png,"(1024, 1024)","(1024, 1024)",True,"[0, 255]",4776,1048576,0.00455474853515625
09048,C:\Users\student\ffhq-wrinkle-dataset\data\images1024x1024\09000\09048.png,C:\Users\student\ffhq-wrinkle-dataset\data\manual_wrinkle_masks\09048.png,"(1024, 1024)","(1024, 1024)",True,"[0, 255]",6735,1048576,0.006422996520996094
09049,C:\Users\student\ffhq-wrinkle-dataset\data\images1024x1024\09000\09049.png,C:\Users\student\ffhq-wrinkle-dataset\data\manual_wrinkle_masks\09049.png,"(1024, 1024)","(1024, 1024)",True,"[0, 255]",11379,1048576,0.010851860046386719
09051,C:\Users\student\ffhq-wrinkle-dataset\data\images1024x1024\09000\09051.png,C:\Users\student\ffhq-wrinkle-dataset\data\manual_wrinkle_masks\09051.png,"(1024, 1024)","(1024, 1024)",True,"[0, 255]",8570,1048576,0.008172988891601562
09052,C:\Users\student\ffhq-wrinkle-dataset\data\images1024x1024\09000\09052.png,C:\Users\student\ffhq-wrinkle-dataset\data\manual_wrinkle_masks\09052.png,"(1024, 1024)","(1024, 1024)",True,"[0, 255]",23716,1048576,0.022617340087890625
09054,C:\Users\student\ffhq-wrinkle-dataset\data\images1024x1024\09000\09054.png,C:\Users\student\ffhq-wrinkle-dataset\data\manual_wrinkle_masks\09054.png,"(1024, 1024)","(1024, 1024)",True,"[0, 255]",14861,1048576,0.014172554016113281
09055,C:\Users\student\ffhq-wrinkle-dataset\data\images1024x1024\09000\09055.png,C:\Users\student\ffhq-wrinkle-dataset\data\manual_wrinkle_masks\09055.png,"(1024, 1024)","(1024, 1024)",True,"[0, 255]",3221,1048576,0.0030717849731445312
09060,C:\Users\student\ffhq-wrinkle-dataset\data\images1024x1024\09000\09060.png,C:\Users\student\ffhq-wrinkle-dataset\data\manual_wrinkle_masks\09060.png,"(1024, 1024)","(1024, 1024)",True,"[0, 255]",16409,1048576,0.015648841857910156
09071,C:\Users\student\ffhq-wrinkle-dataset\data\images1024x1024\09000\09071.png,C:\Users\student\ffhq-wrinkle-dataset\data\manual_wrinkle_masks\09071.png,"(1024, 1024)","(1024, 1024)",True,"[0, 255]",27279,1048576,0.026015281677246094
09072,C:\Users\student\ffhq-wrinkle-dataset\data\images1024x1024\09000\09072.png,C:\Users\student\ffhq-wrinkle-dataset\data\manual_wrinkle_masks\09072.png,"(1024, 1024)","(1024, 1024)",True,"[0, 255]",6483,1048576,0.006182670593261719
09073,C:\Users\student\ffhq-wrinkle-dataset\data\images1024x1024\09000\09073.png,C:\Users\student\ffhq-wrinkle-dataset\data\manual_wrinkle_masks\09073.png,"(1024, 1024)","(1024, 1024)",True,"[0, 255]",3722,1048576,0.0035495758056640625
09074,C:\Users\student\ffhq-wrinkle-dataset\data\images1024x1024\09000\09074.png,C:\Users\student\ffhq-wrinkle-dataset\data\manual_wrinkle_masks\09074.png,"(1024, 1024)","(1024, 1024)",True,"[0, 255]",9730,1048576,0.009279251098632812
09075,C:\Users\student\ffhq-wrinkle-dataset\data\images1024x1024\09000\09075.png,C:\Users\student\ffhq-wrinkle-dataset\data\manual_wrinkle_masks\09075.png,"(1024, 1024)","(1024, 1024)",True,"[0, 255]",7832,1048576,0.00746917724609375
09082,C:\Users\student\ffhq-wrinkle-dataset\data\images1024x1024\09000\09082.png,C:\Users\student\ffhq-wrinkle-dataset\data\manual_wrinkle_masks\09082.png,"(1024, 1024)","(1024, 1024)",True,"[0, 255]",14915,1048576,0.014224052429199219
09084,C:\Users\student\ffhq-wrinkle-dataset\data\images1024x1024\09000\09084.png,C:\Users\student\ffhq-wrinkle-dataset\data\manual_wrinkle_masks\09084.png,"(1024, 1024)","(1024, 1024)",True,"[0, 255]",7556,1048576,0.007205963134765625
09088,C:\Users\student\ffhq-wrinkle-dataset\data\images1024x1024\09000\09088.png,C:\Users\student\ffhq-wrinkle-dataset\data\manual_wrinkle_masks\09088.png,"(1024, 1024)","(1024, 1024)",True,"[0, 255]",9714,1048576,0.009263992309570312
09093,C:\Users\student\ffhq-wrinkle-dataset\data\images1024x1024\09000\09093.png,C:\Users\student\ffhq-wrinkle-dataset\data\manual_wrinkle_masks\09093.png,"(1024, 1024)","(1024, 1024)",True,"[0, 255]",3168,1048576,0.003021240234375
09100,C:\Users\student\ffhq-wrinkle-dataset\data\images1024x1024\09000\09100.png,C:\Users\student\ffhq-wrinkle-dataset\data\manual_wrinkle_masks\09100.png,"(1024, 1024)","(1024, 1024)",True,"[0, 255]",9639,1048576,0.009192466735839844
09104,C:\Users\student\ffhq-wrinkle-dataset\data\images1024x1024\09000\09104.png,C:\Users\student\ffhq-wrinkle-dataset\data\manual_wrinkle_masks\09104.png,"(1024, 1024)","(1024, 1024)",True,"[0, 255]",6640,1048576,0.0063323974609375
09111,C:\Users\student\ffhq-wrinkle-dataset\data\images1024x1024\09000\09111.png,C:\Users\student\ffhq-wrinkle-dataset\data\manual_wrinkle_masks\09111.png,"(1024, 1024)","(1024, 1024)",True,"[0, 255]",9741,1048576,0.009289741516113281
09112,C:\Users\student\ffhq-wrinkle-dataset\data\images1024x1024\09000\09112.png,C:\Users\student\ffhq-wrinkle-dataset\data\manual_wrinkle_masks\09112.png,"(1024, 1024)","(1024, 1024)",True,"[0, 255]",13832,1048576,0.01319122314453125
09114,C:\Users\student\ffhq-wrinkle-dataset\data\images1024x1024\09000\09114.png,C:\Users\student\ffhq-wrinkle-dataset\data\manual_wrinkle_masks\09114.png,"(1024, 1024)","(1024, 1024)",True,"[0, 255]",16296,1048576,0.01554107666015625
09115,C:\Users\student\ffhq-wrinkle-dataset\data\images1024x1024\09000\09115.png,C:\Users\student\ffhq-wrinkle-dataset\data\manual_wrinkle_masks\09115.png,"(1024, 1024)","(1024, 1024)",True,"[0, 255]",15860,1048576,0.015125274658203125
09117,C:\Users\student\ffhq-wrinkle-dataset\data\images1024x1024\09000\09117.png,C:\Users\student\ffhq-wrinkle-dataset\data\manual_wrinkle_masks\09117.png,"(1024, 1024)","(1024, 1024)",True,"[0, 255]",11172,1048576,0.010654449462890625
09118,C:\Users\student\ffhq-wrinkle-dataset\data\images1024x1024\09000\09118.png,C:\Users\student\ffhq-wrinkle-dataset\data\manual_wrinkle_masks\09118.png,"(1024, 1024)","(1024, 1024)",True,"[0, 255]",9073,1048576,0.008652687072753906
09123,C:\Users\student\ffhq-wrinkle-dataset\data\images1024x1024\09000\09123.png,C:\Users\student\ffhq-wrinkle-dataset\data\manual_wrinkle_masks\09123.png,"(1024, 1024)","(1024, 1024)",True,"[0, 255]",4308,1048576,0.004108428955078125
09126,C:\Users\student\ffhq-wrinkle-dataset\data\images1024x1024\09000\09126.png,C:\Users\student\ffhq-wrinkle-dataset\data\manual_wrinkle_masks\09126.png,"(1024, 1024)","(1024, 1024)",True,"[0, 255]",2519,1048576,0.0024023056030273438
09127,C:\Users\student\ffhq-wrinkle-dataset\data\images1024x1024\09000\09127.png,C:\Users\student\ffhq-wrinkle-dataset\data\manual_wrinkle_masks\09127.png,"(1024, 1024)","(1024, 1024)",True,"[0, 255]",7964,1048576,0.007595062255859375
09129,C:\Users\student\ffhq-wrinkle-dataset\data\images1024x1024\09000\09129.png,C:\Users\student\ffhq-wrinkle-dataset\data\manual_wrinkle_masks\09129.png,"(1024, 1024)","(1024, 1024)",True,"[0, 255]",9272,1048576,0.00884246826171875
09131,C:\Users\student\ffhq-wrinkle-dataset\data\images1024x1024\09000\09131.png,C:\Users\student\ffhq-wrinkle-dataset\data\manual_wrinkle_masks\09131.png,"(1024, 1024)","(1024, 1024)",True,"[0, 255]",9017,1048576,0.008599281311035156
09133,C:\Users\student\ffhq-wrinkle-dataset\data\images1024x1024\09000\09133.png,C:\Users\student\ffhq-wrinkle-dataset\data\manual_wrinkle_masks\09133.png,"(1024, 1024)","(1024, 1024)",True,"[0, 255]",5247,1048576,0.005003929138183594
09135,C:\Users\student\ffhq-wrinkle-dataset\data\images1024x1024\09000\09135.png,C:\Users\student\ffhq-wrinkle-dataset\data\manual_wrinkle_masks\09135.png,"(1024, 1024)","(1024, 1024)",True,"[0, 255]",13542,1048576,0.012914657592773438
09138,C:\Users\student\ffhq-wrinkle-dataset\data\images1024x1024\09000\09138.png,C:\Users\student\ffhq-wrinkle-dataset\data\manual_wrinkle_masks\09138.png,"(1024, 1024)","(1024, 1024)",True,"[0, 255]",2619,1048576,0.0024976730346679688
09145,C:\Users\student\ffhq-wrinkle-dataset\data\images1024x1024\09000\09145.png,C:\Users\student\ffhq-wrinkle-dataset\data\manual_wrinkle_masks\09145.png,"(1024, 1024)","(1024, 1024)",True,"[0, 255]",6948,1048576,0.006626129150390625
09150,C:\Users\student\ffhq-wrinkle-dataset\data\images1024x1024\09000\09150.png,C:\Users\student\ffhq-wrinkle-dataset\data\manual_wrinkle_masks\09150.png,"(1024, 1024)","(1024, 1024)",True,"[0, 255]",7332,1048576,0.006992340087890625
09153,C:\Users\student\ffhq-wrinkle-dataset\data\images1024x1024\09000\09153.png,C:\Users\student\ffhq-wrinkle-dataset\data\manual_wrinkle_masks\09153.png,"(1024, 1024)","(1024, 1024)",True,"[0, 255]",5014,1048576,0.0047817230224609375
09156,C:\Users\student\ffhq-wrinkle-dataset\data\images1024x1024\09000\09156.png,C:\Users\student\ffhq-wrinkle-dataset\data\manual_wrinkle_masks\09156.png,"(1024, 1024)","(1024, 1024)",True,"[0, 255]",10669,1048576,0.010174751281738281
09157,C:\Users\student\ffhq-wrinkle-dataset\data\images1024x1024\09000\09157.png,C:\Users\student\ffhq-wrinkle-dataset\data\manual_wrinkle_masks\09157.png,"(1024, 1024)","(1024, 1024)",True,"[0, 255]",11974,1048576,0.011419296264648438
09160,C:\Users\student\ffhq-wrinkle-dataset\data\images1024x1024\09000\09160.png,C:\Users\student\ffhq-wrinkle-dataset\data\manual_wrinkle_masks\09160.png,"(1024, 1024)","(1024, 1024)",True,"[0, 255]",6336,1048576,0.00604248046875
09161,C:\Users\student\ffhq-wrinkle-dataset\data\images1024x1024\09000\09161.png,C:\Users\student\ffhq-wrinkle-dataset\data\manual_wrinkle_masks\09161.png,"(1024, 1024)","(1024, 1024)",True,"[0, 255]",4654,1048576,0.0044384002685546875
09162,C:\Users\student\ffhq-wrinkle-dataset\data\images1024x1024\09000\09162.png,C:\Users\student\ffhq-wrinkle-dataset\data\manual_wrinkle_masks\09162.png,"(1024, 1024)","(1024, 1024)",True,"[0, 255]",20356,1048576,0.019412994384765625
09163,C:\Users\student\ffhq-wrinkle-dataset\data\images1024x1024\09000\09163.png,C:\Users\student\ffhq-wrinkle-dataset\data\manual_wrinkle_masks\09163.png,"(1024, 1024)","(1024, 1024)",True,"[0, 255]",23079,1048576,0.022009849548339844
09164,C:\Users\student\ffhq-wrinkle-dataset\data\images1024x1024\09000\09164.png,C:\Users\student\ffhq-wrinkle-dataset\data\manual_wrinkle_masks\09164.png,"(1024, 1024)","(1024, 1024)",True,"[0, 255]",3283,1048576,0.0031309127807617188
09165,C:\Users\student\ffhq-wrinkle-dataset\data\images1024x1024\09000\09165.png,C:\Users\student\ffhq-wrinkle-dataset\data\manual_wrinkle_masks\09165.png,"(1024, 1024)","(1024, 1024)",True,"[0, 255]",8091,1048576,0.007716178894042969
09169,C:\Users\student\ffhq-wrinkle-dataset\data\images1024x1024\09000\09169.png,C:\Users\student\ffhq-wrinkle-dataset\data\manual_wrinkle_masks\09169.png,"(1024, 1024)","(1024, 1024)",True,"[0, 255]",4649,1048576,0.004433631896972656
09171,C:\Users\student\ffhq-wrinkle-dataset\data\images1024x1024\09000\09171.png,C:\Users\student\ffhq-wrinkle-dataset\data\manual_wrinkle_masks\09171.png,"(1024, 1024)","(1024, 1024)",True,"[0, 255]",26270,1048576,0.025053024291992188
09172,C:\Users\student\ffhq-wrinkle-dataset\data\images1024x1024\09000\09172.png,C:\Users\student\ffhq-wrinkle-dataset\data\manual_wrinkle_masks\09172.png,"(1024, 1024)","(1024, 1024)",True,"[0, 255]",4196,1048576,0.004001617431640625
09173,C:\Users\student\ffhq-wrinkle-dataset\data\images1024x1024\09000\09173.png,C:\Users\student\ffhq-wrinkle-dataset\data\manual_wrinkle_masks\09173.png,"(1024, 1024)","(1024, 1024)",True,"[0, 255]",7464,1048576,0.00711822509765625
09175,C:\Users\student\ffhq-wrinkle-dataset\data\images1024x1024\09000\09175.png,C:\Users\student\ffhq-wrinkle-dataset\data\manual_wrinkle_masks\09175.png,"(1024, 1024)","(1024, 1024)",True,"[0, 255]",14202,1048576,0.013544082641601562
09177,C:\Users\student\ffhq-wrinkle-dataset\data\images1024x1024\09000\09177.png,C:\Users\student\ffhq-wrinkle-dataset\data\manual_wrinkle_masks\09177.png,"(1024, 1024)","(1024, 1024)",True,"[0, 255]",4241,1048576,0.004044532775878906
09182,C:\Users\student\ffhq-wrinkle-dataset\data\images1024x1024\09000\09182.png,C:\Users\student\ffhq-wrinkle-dataset\data\manual_wrinkle_masks\09182.png,"(1024, 1024)","(1024, 1024)",True,"[0, 255]",7663,1048576,0.007308006286621094
09183,C:\Users\student\ffhq-wrinkle-dataset\data\images1024x1024\09000\09183.png,C:\Users\student\ffhq-wrinkle-dataset\data\manual_wrinkle_masks\09183.png,"(1024, 1024)","(1024, 1024)",True,"[0, 255]",5505,1048576,0.005249977111816406
09187,C:\Users\student\ffhq-wrinkle-dataset\data\images1024x1024\09000\09187.png,C:\Users\student\ffhq-wrinkle-dataset\data\manual_wrinkle_masks\09187.png,"(1024, 1024)","(1024, 1024)",True,"[0, 255]",8914,1048576,0.008501052856445312
09190,C:\Users\student\ffhq-wrinkle-dataset\data\images1024x1024\09000\09190.png,C:\Users\student\ffhq-wrinkle-dataset\data\manual_wrinkle_masks\09190.png,"(1024, 1024)","(1024, 1024)",True,"[0, 255]",7210,1048576,0.0068759918212890625
09192,C:\Users\student\ffhq-wrinkle-dataset\data\images1024x1024\09000\09192.png,C:\Users\student\ffhq-wrinkle-dataset\data\manual_wrinkle_masks\09192.png,"(1024, 1024)","(1024, 1024)",True,"[0, 255]",11210,1048576,0.010690689086914062
09193,C:\Users\student\ffhq-wrinkle-dataset\data\images1024x1024\09000\09193.png,C:\Users\student\ffhq-wrinkle-dataset\data\manual_wrinkle_masks\09193.png,"(1024, 1024)","(1024, 1024)",True,"[0, 255]",14587,1048576,0.013911247253417969
09194,C:\Users\student\ffhq-wrinkle-dataset\data\images1024x1024\09000\09194.png,C:\Users\student\ffhq-wrinkle-dataset\data\manual_wrinkle_masks\09194.png,"(1024, 1024)","(1024, 1024)",True,"[0, 255]",6637,1048576,0.006329536437988281
09197,C:\Users\student\ffhq-wrinkle-dataset\data\images1024x1024\09000\09197.png,C:\Users\student\ffhq-wrinkle-dataset\data\manual_wrinkle_masks\09197.png,"(1024, 1024)","(1024, 1024)",True,"[0, 255]",15981,1048576,0.015240669250488281
09198,C:\Users\student\ffhq-wrinkle-dataset\data\images1024x1024\09000\09198.png,C:\Users\student\ffhq-wrinkle-dataset\data\manual_wrinkle_masks\09198.png,"(1024, 1024)","(1024, 1024)",True,"[0, 255]",11540,1048576,0.011005401611328125
09200,C:\Users\student\ffhq-wrinkle-dataset\data\images1024x1024\09000\09200.png,C:\Users\student\ffhq-wrinkle-dataset\data\manual_wrinkle_masks\09200.png,"(1024, 1024)","(1024, 1024)",True,"[0, 255]",8857,1048576,0.008446693420410156
09201,C:\Users\student\ffhq-wrinkle-dataset\data\images1024x1024\09000\09201.png,C:\Users\student\ffhq-wrinkle-dataset\data\manual_wrinkle_masks\09201.png,"(1024, 1024)","(1024, 1024)",True,"[0, 255]",4382,1048576,0.0041790008544921875
09203,C:\Users\student\ffhq-wrinkle-dataset\data\images1024x1024\09000\09203.png,C:\Users\student\ffhq-wrinkle-dataset\data\manual_wrinkle_masks\09203.png,"(1024, 1024)","(1024, 1024)",True,"[0, 255]",2380,1048576,0.002269744873046875
09205,C:\Users\student\ffhq-wrinkle-dataset\data\images1024x1024\09000\09205.png,C:\Users\student\ffhq-wrinkle-dataset\data\manual_wrinkle_masks\09205.png,"(1024, 1024)","(1024, 1024)",True,"[0, 255]",5001,1048576,0.004769325256347656
09210,C:\Users\student\ffhq-wrinkle-dataset\data\images1024x1024\09000\09210.png,C:\Users\student\ffhq-wrinkle-dataset\data\manual_wrinkle_masks\09210.png,"(1024, 1024)","(1024, 1024)",True,"[0, 255]",22236,1048576,0.021205902099609375
09213,C:\Users\student\ffhq-wrinkle-dataset\data\images1024x1024\09000\09213.png,C:\Users\student\ffhq-wrinkle-dataset\data\manual_wrinkle_masks\09213.png,"(1024, 1024)","(1024, 1024)",True,"[0, 255]",14781,1048576,0.014096260070800781
09216,C:\Users\student\ffhq-wrinkle-dataset\data\images1024x1024\09000\09216.png,C:\Users\student\ffhq-wrinkle-dataset\data\manual_wrinkle_masks\09216.png,"(1024, 1024)","(1024, 1024)",True,"[0, 255]",12002,1048576,0.011445999145507812
09217,C:\Users\student\ffhq-wrinkle-dataset\data\images1024x1024\09000\09217.png,C:\Users\student\ffhq-wrinkle-dataset\data\manual_wrinkle_masks\09217.png,"(1024, 1024)","(1024, 1024)",True,"[0, 255]",10227,1048576,0.009753227233886719
09219,C:\Users\student\ffhq-wrinkle-dataset\data\images1024x1024\09000\09219.png,C:\Users\student\ffhq-wrinkle-dataset\data\manual_wrinkle_masks\09219.png,"(1024, 1024)","(1024, 1024)",True,"[0, 255]",9769,1048576,0.009316444396972656
09220,C:\Users\student\ffhq-wrinkle-dataset\data\images1024x1024\09000\09220.png,C:\Users\student\ffhq-wrinkle-dataset\data\manual_wrinkle_masks\09220.png,"(1024, 1024)","(1024, 1024)",True,"[0, 255]",10032,1048576,0.0095672607421875
09225,C:\Users\student\ffhq-wrinkle-dataset\data\images1024x1024\09000\09225.png,C:\Users\student\ffhq-wrinkle-dataset\data\manual_wrinkle_masks\09225.png,"(1024, 1024)","(1024, 1024)",True,"[0, 255]",7671,1048576,0.007315635681152344
09226,C:\Users\student\ffhq-wrinkle-dataset\data\images1024x1024\09000\09226.png,C:\Users\student\ffhq-wrinkle-dataset\data\manual_wrinkle_masks\09226.png,"(1024, 1024)","(1024, 1024)",True,"[0, 255]",4632,1048576,0.00441741943359375
09228,C:\Users\student\ffhq-wrinkle-dataset\data\images1024x1024\09000\09228.png,C:\Users\student\ffhq-wrinkle-dataset\data\manual_wrinkle_masks\09228.png,"(1024, 1024)","(1024, 1024)",True,"[0, 255]",7543,1048576,0.007193565368652344
09231,C:\Users\student\ffhq-wrinkle-dataset\data\images1024x1024\09000\09231.png,C:\Users\student\ffhq-wrinkle-dataset\data\manual_wrinkle_masks\09231.png,"(1024, 1024)","(1024, 1024)",True,"[0, 255]",16846,1048576,0.016065597534179688
09233,C:\Users\student\ffhq-wrinkle-dataset\data\images1024x1024\09000\09233.png,C:\Users\student\ffhq-wrinkle-dataset\data\manual_wrinkle_masks\09233.png,"(1024, 1024)","(1024, 1024)",True,"[0, 255]",3345,1048576,0.0031900405883789062
09237,C:\Users\student\ffhq-wrinkle-dataset\data\images1024x1024\09000\09237.png,C:\Users\student\ffhq-wrinkle-dataset\data\manual_wrinkle_masks\09237.png,"(1024, 1024)","(1024, 1024)",True,"[0, 255]",35446,1048576,0.03380393981933594
09238,C:\Users\student\ffhq-wrinkle-dataset\data\images1024x1024\09000\09238.png,C:\Users\student\ffhq-wrinkle-dataset\data\manual_wrinkle_masks\09238.png,"(1024, 1024)","(1024, 1024)",True,"[0, 255]",3675,1048576,0.0035047531127929688
09245,C:\Users\student\ffhq-wrinkle-dataset\data\images1024x1024\09000\09245.png,C:\Users\student\ffhq-wrinkle-dataset\data\manual_wrinkle_masks\09245.png,"(1024, 1024)","(1024, 1024)",True,"[0, 255]",21450,1048576,0.020456314086914062
09251,C:\Users\student\ffhq-wrinkle-dataset\data\images1024x1024\09000\09251.png,C:\Users\student\ffhq-wrinkle-dataset\data\manual_wrinkle_masks\09251.png,"(1024, 1024)","(1024, 1024)",True,"[0, 255]",5414,1048576,0.0051631927490234375
09252,C:\Users\student\ffhq-wrinkle-dataset\data\images1024x1024\09000\09252.png,C:\Users\student\ffhq-wrinkle-dataset\data\manual_wrinkle_masks\09252.png,"(1024, 1024)","(1024, 1024)",True,"[0, 255]",2733,1048576,0.0026063919067382812
09258,C:\Users\student\ffhq-wrinkle-dataset\data\images1024x1024\09000\09258.png,C:\Users\student\ffhq-wrinkle-dataset\data\manual_wrinkle_masks\09258.png,"(1024, 1024)","(1024, 1024)",True,"[0, 255]",6363,1048576,0.006068229675292969
09263,C:\Users\student\ffhq-wrinkle-dataset\data\images1024x1024\09000\09263.png,C:\Users\student\ffhq-wrinkle-dataset\data\manual_wrinkle_masks\09263.png,"(1024, 1024)","(1024, 1024)",True,"[0, 255]",12151,1048576,0.011588096618652344
09266,C:\Users\student\ffhq-wrinkle-dataset\data\images1024x1024\09000\09266.png,C:\Users\student\ffhq-wrinkle-dataset\data\manual_wrinkle_masks\09266.png,"(1024, 1024)","(1024, 1024)",True,"[0, 255]",10193,1048576,0.009720802307128906
09269,C:\Users\student\ffhq-wrinkle-dataset\data\images1024x1024\09000\09269.png,C:\Users\student\ffhq-wrinkle-dataset\data\manual_wrinkle_masks\09269.png,"(1024, 1024)","(1024, 1024)",True,"[0, 255]",12335,1048576,0.011763572692871094
09272,C:\Users\student\ffhq-wrinkle-dataset\data\images1024x1024\09000\09272.png,C:\Users\student\ffhq-wrinkle-dataset\data\manual_wrinkle_masks\09272.png,"(1024, 1024)","(1024, 1024)",True,"[0, 255]",3817,1048576,0.0036401748657226562
09278,C:\Users\student\ffhq-wrinkle-dataset\data\images1024x1024\09000\09278.png,C:\Users\student\ffhq-wrinkle-dataset\data\manual_wrinkle_masks\09278.png,"(1024, 1024)","(1024, 1024)",True,"[0, 255]",5652,1048576,0.005390167236328125
09285,C:\Users\student\ffhq-wrinkle-dataset\data\images1024x1024\09000\09285.png,C:\Users\student\ffhq-wrinkle-dataset\data\manual_wrinkle_masks\09285.png,"(1024, 1024)","(1024, 1024)",True,"[0, 255]",6182,1048576,0.0058956146240234375
09294,C:\Users\student\ffhq-wrinkle-dataset\data\images1024x1024\09000\09294.png,C:\Users\student\ffhq-wrinkle-dataset\data\manual_wrinkle_masks\09294.png,"(1024, 1024)","(1024, 1024)",True,"[0, 255]",6734,1048576,0.0064220428466796875
09297,C:\Users\student\ffhq-wrinkle-dataset\data\images1024x1024\09000\09297.png,C:\Users\student\ffhq-wrinkle-dataset\data\manual_wrinkle_masks\09297.png,"(1024, 1024)","(1024, 1024)",True,"[0, 255]",7051,1048576,0.006724357604980469
09301,C:\Users\student\ffhq-wrinkle-dataset\data\images1024x1024\09000\09301.png,C:\Users\student\ffhq-wrinkle-dataset\data\manual_wrinkle_masks\09301.png,"(1024, 1024)","(1024, 1024)",True,"[0, 255]",6955,1048576,0.006632804870605469
10000,C:\Users\student\ffhq-wrinkle-dataset\data\images1024x1024\10000\10000.png,C:\Users\student\ffhq-wrinkle-dataset\data\manual_wrinkle_masks\10000.png,"(1024, 1024)","(1024, 1024)",True,"[0, 255]",5968,1048576,0.0056915283203125
10004,C:\Users\student\ffhq-wrinkle-dataset\data\images1024x1024\10000\10004.png,C:\Users\student\ffhq-wrinkle-dataset\data\manual_wrinkle_masks\10004.png,"(1024, 1024)","(1024, 1024)",True,"[0, 255]",11185,1048576,0.010666847229003906
10005,C:\Users\student\ffhq-wrinkle-dataset\data\images1024x1024\10000\10005.png,C:\Users\student\ffhq-wrinkle-dataset\data\manual_wrinkle_masks\10005.png,"(1024, 1024)","(1024, 1024)",True,"[0, 255]",3991,1048576,0.0038061141967773438
10007,C:\Users\student\ffhq-wrinkle-dataset\data\images1024x1024\10000\10007.png,C:\Users\student\ffhq-wrinkle-dataset\data\manual_wrinkle_masks\10007.png,"(1024, 1024)","(1024, 1024)",True,"[0, 255]",4748,1048576,0.004528045654296875
10010,C:\Users\student\ffhq-wrinkle-dataset\data\images1024x1024\10000\10010.png,C:\Users\student\ffhq-wrinkle-dataset\data\manual_wrinkle_masks\10010.png,"(1024, 1024)","(1024, 1024)",True,"[0, 255]",16684,1048576,0.015911102294921875
10012,C:\Users\student\ffhq-wrinkle-dataset\data\images1024x1024\10000\10012.png,C:\Users\student\ffhq-wrinkle-dataset\data\manual_wrinkle_masks\10012.png,"(1024, 1024)","(1024, 1024)",True,"[0, 255]",20852,1048576,0.019886016845703125
10013,C:\Users\student\ffhq-wrinkle-dataset\data\images1024x1024\10000\10013.png,C:\Users\student\ffhq-wrinkle-dataset\data\manual_wrinkle_masks\10013.png,"(1024, 1024)","(1024, 1024)",True,"[0, 255]",7838,1048576,0.0074748992919921875
10015,C:\Users\student\ffhq-wrinkle-dataset\data\images1024x1024\10000\10015.png,C:\Users\student\ffhq-wrinkle-dataset\data\manual_wrinkle_masks\10015.png,"(1024, 1024)","(1024, 1024)",True,"[0, 255]",10969,1048576,0.010460853576660156
10017,C:\Users\student\ffhq-wrinkle-dataset\data\images1024x1024\10000\10017.png,C:\Users\student\ffhq-wrinkle-dataset\data\manual_wrinkle_masks\10017.png,"(1024, 1024)","(1024, 1024)",True,"[0, 255]",3957,1048576,0.0037736892700195312
10020,C:\Users\student\ffhq-wrinkle-dataset\data\images1024x1024\10000\10020.png,C:\Users\student\ffhq-wrinkle-dataset\data\manual_wrinkle_masks\10020.png,"(1024, 1024)","(1024, 1024)",True,"[0, 255]",5639,1048576,0.005377769470214844
10022,C:\Users\student\ffhq-wrinkle-dataset\data\images1024x1024\10000\10022.png,C:\Users\student\ffhq-wrinkle-dataset\data\manual_wrinkle_masks\10022.png,"(1024, 1024)","(1024, 1024)",True,"[0, 255]",14973,1048576,0.014279365539550781
10025,C:\Users\student\ffhq-wrinkle-dataset\data\images1024x1024\10000\10025.png,C:\Users\student\ffhq-wrinkle-dataset\data\manual_wrinkle_masks\10025.png,"(1024, 1024)","(1024, 1024)",True,"[0, 255]",9653,1048576,0.009205818176269531
10034,C:\Users\student\ffhq-wrinkle-dataset\data\images1024x1024\10000\10034.png,C:\Users\student\ffhq-wrinkle-dataset\data\manual_wrinkle_masks\10034.png,"(1024, 1024)","(1024, 1024)",True,"[0, 255]",23036,1048576,0.021968841552734375
10035,C:\Users\student\ffhq-wrinkle-dataset\data\images1024x1024\10000\10035.png,C:\Users\student\ffhq-wrinkle-dataset\data\manual_wrinkle_masks\10035.png,"(1024, 1024)","(1024, 1024)",True,"[0, 255]",9095,1048576,0.008673667907714844
10038,C:\Users\student\ffhq-wrinkle-dataset\data\images1024x1024\10000\10038.png,C:\Users\student\ffhq-wrinkle-dataset\data\manual_wrinkle_masks\10038.png,"(1024, 1024)","(1024, 1024)",True,"[0, 255]",14086,1048576,0.013433456420898438
10041,C:\Users\student\ffhq-wrinkle-dataset\data\images1024x1024\10000\10041.png,C:\Users\student\ffhq-wrinkle-dataset\data\manual_wrinkle_masks\10041.png,"(1024, 1024)","(1024, 1024)",True,"[0, 255]",9184,1048576,0.008758544921875
10044,C:\Users\student\ffhq-wrinkle-dataset\data\images1024x1024\10000\10044.png,C:\Users\student\ffhq-wrinkle-dataset\data\manual_wrinkle_masks\10044.png,"(1024, 1024)","(1024, 1024)",True,"[0, 255]",10769,1048576,0.010270118713378906
10045,C:\Users\student\ffhq-wrinkle-dataset\data\images1024x1024\10000\10045.png,C:\Users\student\ffhq-wrinkle-dataset\data\manual_wrinkle_masks\10045.png,"(1024, 1024)","(1024, 1024)",True,"[0, 255]",8665,1048576,0.008263587951660156
10047,C:\Users\student\ffhq-wrinkle-dataset\data\images1024x1024\10000\10047.png,C:\Users\student\ffhq-wrinkle-dataset\data\manual_wrinkle_masks\10047.png,"(1024, 1024)","(1024, 1024)",True,"[0, 255]",15393,1048576,0.014679908752441406
10051,C:\Users\student\ffhq-wrinkle-dataset\data\images1024x1024\10000\10051.png,C:\Users\student\ffhq-wrinkle-dataset\data\manual_wrinkle_masks\10051.png,"(1024, 1024)","(1024, 1024)",True,"[0, 255]",9661,1048576,0.009213447570800781
10052,C:\Users\student\ffhq-wrinkle-dataset\data\images1024x1024\10000\10052.png,C:\Users\student\ffhq-wrinkle-dataset\data\manual_wrinkle_masks\10052.png,"(1024, 1024)","(1024, 1024)",True,"[0, 255]",22900,1048576,0.021839141845703125
10054,C:\Users\student\ffhq-wrinkle-dataset\data\images1024x1024\10000\10054.png,C:\Users\student\ffhq-wrinkle-dataset\data\manual_wrinkle_masks\10054.png,"(1024, 1024)","(1024, 1024)",True,"[0, 255]",18261,1048576,0.01741504669189453
10064,C:\Users\student\ffhq-wrinkle-dataset\data\images1024x1024\10000\10064.png,C:\Users\student\ffhq-wrinkle-dataset\data\manual_wrinkle_masks\10064.png,"(1024, 1024)","(1024, 1024)",True,"[0, 255]",6178,1048576,0.0058917999267578125
10069,C:\Users\student\ffhq-wrinkle-dataset\data\images1024x1024\10000\10069.png,C:\Users\student\ffhq-wrinkle-dataset\data\manual_wrinkle_masks\10069.png,"(1024, 1024)","(1024, 1024)",True,"[0, 255]",4783,1048576,0.004561424255371094
10071,C:\Users\student\ffhq-wrinkle-dataset\data\images1024x1024\10000\10071.png,C:\Users\student\ffhq-wrinkle-dataset\data\manual_wrinkle_masks\10071.png,"(1024, 1024)","(1024, 1024)",True,"[0, 255]",11598,1048576,0.011060714721679688
10074,C:\Users\student\ffhq-wrinkle-dataset\data\images1024x1024\10000\10074.png,C:\Users\student\ffhq-wrinkle-dataset\data\manual_wrinkle_masks\10074.png,"(1024, 1024)","(1024, 1024)",True,"[0, 255]",7600,1048576,0.0072479248046875
10080,C:\Users\student\ffhq-wrinkle-dataset\data\images1024x1024\10000\10080.png,C:\Users\student\ffhq-wrinkle-dataset\data\manual_wrinkle_masks\10080.png,"(1024, 1024)","(1024, 1024)",True,"[0, 255]",6833,1048576,0.006516456604003906
10084,C:\Users\student\ffhq-wrinkle-dataset\data\images1024x1024\10000\10084.png,C:\Users\student\ffhq-wrinkle-dataset\data\manual_wrinkle_masks\10084.png,"(1024, 1024)","(1024, 1024)",True,"[0, 255]",9345,1048576,0.008912086486816406
10085,C:\Users\student\ffhq-wrinkle-dataset\data\images1024x1024\10000\10085.png,C:\Users\student\ffhq-wrinkle-dataset\data\manual_wrinkle_masks\10085.png,"(1024, 1024)","(1024, 1024)",True,"[0, 255]",15158,1048576,0.014455795288085938
10087,C:\Users\student\ffhq-wrinkle-dataset\data\images1024x1024\10000\10087.png,C:\Users\student\ffhq-wrinkle-dataset\data\manual_wrinkle_masks\10087.png,"(1024, 1024)","(1024, 1024)",True,"[0, 255]",9849,1048576,0.009392738342285156
10092,C:\Users\student\ffhq-wrinkle-dataset\data\images1024x1024\10000\10092.png,C:\Users\student\ffhq-wrinkle-dataset\data\manual_wrinkle_masks\10092.png,"(1024, 1024)","(1024, 1024)",True,"[0, 255]",36123,1048576,0.03444957733154297
10098,C:\Users\student\ffhq-wrinkle-dataset\data\images1024x1024\10000\10098.png,C:\Users\student\ffhq-wrinkle-dataset\data\manual_wrinkle_masks\10098.png,"(1024, 1024)","(1024, 1024)",True,"[0, 255]",8954,1048576,0.008539199829101562
10101,C:\Users\student\ffhq-wrinkle-dataset\data\images1024x1024\10000\10101.png,C:\Users\student\ffhq-wrinkle-dataset\data\manual_wrinkle_masks\10101.png,"(1024, 1024)","(1024, 1024)",True,"[0, 255]",5291,1048576,0.005045890808105469
10105,C:\Users\student\ffhq-wrinkle-dataset\data\images1024x1024\10000\10105.png,C:\Users\student\ffhq-wrinkle-dataset\data\manual_wrinkle_masks\10105.png,"(1024, 1024)","(1024, 1024)",True,"[0, 255]",6040,1048576,0.00576019287109375
10110,C:\Users\student\ffhq-wrinkle-dataset\data\images1024x1024\10000\10110.png,C:\Users\student\ffhq-wrinkle-dataset\data\manual_wrinkle_masks\10110.png,"(1024, 1024)","(1024, 1024)",True,"[0, 255]",13269,1048576,0.012654304504394531
10113,C:\Users\student\ffhq-wrinkle-dataset\data\images1024x1024\10000\10113.png,C:\Users\student\ffhq-wrinkle-dataset\data\manual_wrinkle_masks\10113.png,"(1024, 1024)","(1024, 1024)",True,"[0, 255]",9064,1048576,0.00864410400390625
10116,C:\Users\student\ffhq-wrinkle-dataset\data\images1024x1024\10000\10116.png,C:\Users\student\ffhq-wrinkle-dataset\data\manual_wrinkle_masks\10116.png,"(1024, 1024)","(1024, 1024)",True,"[0, 255]",3111,1048576,0.0029668807983398438
10121,C:\Users\student\ffhq-wrinkle-dataset\data\images1024x1024\10000\10121.png,C:\Users\student\ffhq-wrinkle-dataset\data\manual_wrinkle_masks\10121.png,"(1024, 1024)","(1024, 1024)",True,"[0, 255]",7095,1048576,0.006766319274902344
10124,C:\Users\student\ffhq-wrinkle-dataset\data\images1024x1024\10000\10124.png,C:\Users\student\ffhq-wrinkle-dataset\data\manual_wrinkle_masks\10124.png,"(1024, 1024)","(1024, 1024)",True,"[0, 255]",10804,1048576,0.010303497314453125
10133,C:\Users\student\ffhq-wrinkle-dataset\data\images1024x1024\10000\10133.png,C:\Users\student\ffhq-wrinkle-dataset\data\manual_wrinkle_masks\10133.png,"(1024, 1024)","(1024, 1024)",True,"[0, 255]",11791,1048576,0.011244773864746094
10134,C:\Users\student\ffhq-wrinkle-dataset\data\images1024x1024\10000\10134.png,C:\Users\student\ffhq-wrinkle-dataset\data\manual_wrinkle_masks\10134.png,"(1024, 1024)","(1024, 1024)",True,"[0, 255]",12834,1048576,0.012239456176757812
10135,C:\Users\student\ffhq-wrinkle-dataset\data\images1024x1024\10000\10135.png,C:\Users\student\ffhq-wrinkle-dataset\data\manual_wrinkle_masks\10135.png,"(1024, 1024)","(1024, 1024)",True,"[0, 255]",12563,1048576,0.011981010437011719
10144,C:\Users\student\ffhq-wrinkle-dataset\data\images1024x1024\10000\10144.png,C:\Users\student\ffhq-wrinkle-dataset\data\manual_wrinkle_masks\10144.png,"(1024, 1024)","(1024, 1024)",True,"[0, 255]",17417,1048576,0.016610145568847656
10147,C:\Users\student\ffhq-wrinkle-dataset\data\images1024x1024\10000\10147.png,C:\Users\student\ffhq-wrinkle-dataset\data\manual_wrinkle_masks\10147.png,"(1024, 1024)","(1024, 1024)",True,"[0, 255]",18036,1048576,0.017200469970703125
10149,C:\Users\student\ffhq-wrinkle-dataset\data\images1024x1024\10000\10149.png,C:\Users\student\ffhq-wrinkle-dataset\data\manual_wrinkle_masks\10149.png,"(1024, 1024)","(1024, 1024)",True,"[0, 255]",5686,1048576,0.0054225921630859375
10155,C:\Users\student\ffhq-wrinkle-dataset\data\images1024x1024\10000\10155.png,C:\Users\student\ffhq-wrinkle-dataset\data\manual_wrinkle_masks\10155.png,"(1024, 1024)","(1024, 1024)",True,"[0, 255]",8692,1048576,0.008289337158203125
10159,C:\Users\student\ffhq-wrinkle-dataset\data\images1024x1024\10000\10159.png,C:\Users\student\ffhq-wrinkle-dataset\data\manual_wrinkle_masks\10159.png,"(1024, 1024)","(1024, 1024)",True,"[0, 255]",10514,1048576,0.010026931762695312
10171,C:\Users\student\ffhq-wrinkle-dataset\data\images1024x1024\10000\10171.png,C:\Users\student\ffhq-wrinkle-dataset\data\manual_wrinkle_masks\10171.png,"(1024, 1024)","(1024, 1024)",True,"[0, 255]",14651,1048576,0.013972282409667969
10175,C:\Users\student\ffhq-wrinkle-dataset\data\images1024x1024\10000\10175.png,C:\Users\student\ffhq-wrinkle-dataset\data\manual_wrinkle_masks\10175.png,"(1024, 1024)","(1024, 1024)",True,"[0, 255]",18950,1048576,0.018072128295898438
10180,C:\Users\student\ffhq-wrinkle-dataset\data\images1024x1024\10000\10180.png,C:\Users\student\ffhq-wrinkle-dataset\data\manual_wrinkle_masks\10180.png,"(1024, 1024)","(1024, 1024)",True,"[0, 255]",10158,1048576,0.009687423706054688
10190,C:\Users\student\ffhq-wrinkle-dataset\data\images1024x1024\10000\10190.png,C:\Users\student\ffhq-wrinkle-dataset\data\manual_wrinkle_masks\10190.png,"(1024, 1024)","(1024, 1024)",True,"[0, 255]",14852,1048576,0.014163970947265625
10191,C:\Users\student\ffhq-wrinkle-dataset\data\images1024x1024\10000\10191.png,C:\Users\student\ffhq-wrinkle-dataset\data\manual_wrinkle_masks\10191.png,"(1024, 1024)","(1024, 1024)",True,"[0, 255]",5530,1048576,0.0052738189697265625
10193,C:\Users\student\ffhq-wrinkle-dataset\data\images1024x1024\10000\10193.png,C:\Users\student\ffhq-wrinkle-dataset\data\manual_wrinkle_masks\10193.png,"(1024, 1024)","(1024, 1024)",True,"[0, 255]",25924,1048576,0.024723052978515625
10201,C:\Users\student\ffhq-wrinkle-dataset\data\images1024x1024\10000\10201.png,C:\Users\student\ffhq-wrinkle-dataset\data\manual_wrinkle_masks\10201.png,"(1024, 1024)","(1024, 1024)",True,"[0, 255]",12392,1048576,0.01181793212890625
10203,C:\Users\student\ffhq-wrinkle-dataset\data\images1024x1024\10000\10203.png,C:\Users\student\ffhq-wrinkle-dataset\data\manual_wrinkle_masks\10203.png,"(1024, 1024)","(1024, 1024)",True,"[0, 255]",7561,1048576,0.007210731506347656
10205,C:\Users\student\ffhq-wrinkle-dataset\data\images1024x1024\10000\10205.png,C:\Users\student\ffhq-wrinkle-dataset\data\manual_wrinkle_masks\10205.png,"(1024, 1024)","(1024, 1024)",True,"[0, 255]",14979,1048576,0.014285087585449219
10208,C:\Users\student\ffhq-wrinkle-dataset\data\images1024x1024\10000\10208.png,C:\Users\student\ffhq-wrinkle-dataset\data\manual_wrinkle_masks\10208.png,"(1024, 1024)","(1024, 1024)",True,"[0, 255]",6589,1048576,0.006283760070800781
10209,C:\Users\student\ffhq-wrinkle-dataset\data\images1024x1024\10000\10209.png,C:\Users\student\ffhq-wrinkle-dataset\data\manual_wrinkle_masks\10209.png,"(1024, 1024)","(1024, 1024)",True,"[0, 255]",9585,1048576,0.009140968322753906
10210,C:\Users\student\ffhq-wrinkle-dataset\data\images1024x1024\10000\10210.png,C:\Users\student\ffhq-wrinkle-dataset\data\manual_wrinkle_masks\10210.png,"(1024, 1024)","(1024, 1024)",True,"[0, 255]",12940,1048576,0.012340545654296875
10213,C:\Users\student\ffhq-wrinkle-dataset\data\images1024x1024\10000\10213.png,C:\Users\student\ffhq-wrinkle-dataset\data\manual_wrinkle_masks\10213.png,"(1024, 1024)","(1024, 1024)",True,"[0, 255]",8146,1048576,0.0077686309814453125
10216,C:\Users\student\ffhq-wrinkle-dataset\data\images1024x1024\10000\10216.png,C:\Users\student\ffhq-wrinkle-dataset\data\manual_wrinkle_masks\10216.png,"(1024, 1024)","(1024, 1024)",True,"[0, 255]",7407,1048576,0.007063865661621094
10221,C:\Users\student\ffhq-wrinkle-dataset\data\images1024x1024\10000\10221.png,C:\Users\student\ffhq-wrinkle-dataset\data\manual_wrinkle_masks\10221.png,"(1024, 1024)","(1024, 1024)",True,"[0, 255]",13073,1048576,0.012467384338378906
10234,C:\Users\student\ffhq-wrinkle-dataset\data\images1024x1024\10000\10234.png,C:\Users\student\ffhq-wrinkle-dataset\data\manual_wrinkle_masks\10234.png,"(1024, 1024)","(1024, 1024)",True,"[0, 255]",10435,1048576,0.009951591491699219
10239,C:\Users\student\ffhq-wrinkle-dataset\data\images1024x1024\10000\10239.png,C:\Users\student\ffhq-wrinkle-dataset\data\manual_wrinkle_masks\10239.png,"(1024, 1024)","(1024, 1024)",True,"[0, 255]",10662,1048576,0.010168075561523438
10242,C:\Users\student\ffhq-wrinkle-dataset\data\images1024x1024\10000\10242.png,C:\Users\student\ffhq-wrinkle-dataset\data\manual_wrinkle_masks\10242.png,"(1024, 1024)","(1024, 1024)",True,"[0, 255]",7277,1048576,0.006939888000488281
10249,C:\Users\student\ffhq-wrinkle-dataset\data\images1024x1024\10000\10249.png,C:\Users\student\ffhq-wrinkle-dataset\data\manual_wrinkle_masks\10249.png,"(1024, 1024)","(1024, 1024)",True,"[0, 255]",5405,1048576,0.005154609680175781
10252,C:\Users\student\ffhq-wrinkle-dataset\data\images1024x1024\10000\10252.png,C:\Users\student\ffhq-wrinkle-dataset\data\manual_wrinkle_masks\10252.png,"(1024, 1024)","(1024, 1024)",True,"[0, 255]",19221,1048576,0.01833057403564453
10256,C:\Users\student\ffhq-wrinkle-dataset\data\images1024x1024\10000\10256.png,C:\Users\student\ffhq-wrinkle-dataset\data\manual_wrinkle_masks\10256.png,"(1024, 1024)","(1024, 1024)",True,"[0, 255]",4568,1048576,0.00435638427734375
10258,C:\Users\student\ffhq-wrinkle-dataset\data\images1024x1024\10000\10258.png,C:\Users\student\ffhq-wrinkle-dataset\data\manual_wrinkle_masks\10258.png,"(1024, 1024)","(1024, 1024)",True,"[0, 255]",10232,1048576,0.00975799560546875
10259,C:\Users\student\ffhq-wrinkle-dataset\data\images1024x1024\10000\10259.png,C:\Users\student\ffhq-wrinkle-dataset\data\manual_wrinkle_masks\10259.png,"(1024, 1024)","(1024, 1024)",True,"[0, 255]",5620,1048576,0.005359649658203125
10275,C:\Users\student\ffhq-wrinkle-dataset\data\images1024x1024\10000\10275.png,C:\Users\student\ffhq-wrinkle-dataset\data\manual_wrinkle_masks\10275.png,"(1024, 1024)","(1024, 1024)",True,"[0, 255]",9114,1048576,0.008691787719726562
10276,C:\Users\student\ffhq-wrinkle-dataset\data\images1024x1024\10000\10276.png,C:\Users\student\ffhq-wrinkle-dataset\data\manual_wrinkle_masks\10276.png,"(1024, 1024)","(1024, 1024)",True,"[0, 255]",7270,1048576,0.0069332122802734375
10278,C:\Users\student\ffhq-wrinkle-dataset\data\images1024x1024\10000\10278.png,C:\Users\student\ffhq-wrinkle-dataset\data\manual_wrinkle_masks\10278.png,"(1024, 1024)","(1024, 1024)",True,"[0, 255]",18502,1048576,0.017644882202148438
10280,C:\Users\student\ffhq-wrinkle-dataset\data\images1024x1024\10000\10280.png,C:\Users\student\ffhq-wrinkle-dataset\data\manual_wrinkle_masks\10280.png,"(1024, 1024)","(1024, 1024)",True,"[0, 255]",7402,1048576,0.0070590972900390625
10282,C:\Users\student\ffhq-wrinkle-dataset\data\images1024x1024\10000\10282.png,C:\Users\student\ffhq-wrinkle-dataset\data\manual_wrinkle_masks\10282.png,"(1024, 1024)","(1024, 1024)",True,"[0, 255]",15058,1048576,0.014360427856445312
10285,C:\Users\student\ffhq-wrinkle-dataset\data\images1024x1024\10000\10285.png,C:\Users\student\ffhq-wrinkle-dataset\data\manual_wrinkle_masks\10285.png,"(1024, 1024)","(1024, 1024)",True,"[0, 255]",6005,1048576,0.005726814270019531
10286,C:\Users\student\ffhq-wrinkle-dataset\data\images1024x1024\10000\10286.png,C:\Users\student\ffhq-wrinkle-dataset\data\manual_wrinkle_masks\10286.png,"(1024, 1024)","(1024, 1024)",True,"[0, 255]",12655,1048576,0.012068748474121094
10287,C:\Users\student\ffhq-wrinkle-dataset\data\images1024x1024\10000\10287.png,C:\Users\student\ffhq-wrinkle-dataset\data\manual_wrinkle_masks\10287.png,"(1024, 1024)","(1024, 1024)",True,"[0, 255]",10839,1048576,0.010336875915527344
10292,C:\Users\student\ffhq-wrinkle-dataset\data\images1024x1024\10000\10292.png,C:\Users\student\ffhq-wrinkle-dataset\data\manual_wrinkle_masks\10292.png,"(1024, 1024)","(1024, 1024)",True,"[0, 255]",10103,1048576,0.009634971618652344
10293,C:\Users\student\ffhq-wrinkle-dataset\data\images1024x1024\10000\10293.png,C:\Users\student\ffhq-wrinkle-dataset\data\manual_wrinkle_masks\10293.png,"(1024, 1024)","(1024, 1024)",True,"[0, 255]",5570,1048576,0.0053119659423828125
10299,C:\Users\student\ffhq-wrinkle-dataset\data\images1024x1024\10000\10299.png,C:\Users\student\ffhq-wrinkle-dataset\data\manual_wrinkle_masks\10299.png,"(1024, 1024)","(1024, 1024)",True,"[0, 255]",4011,1048576,0.0038251876831054688
10303,C:\Users\student\ffhq-wrinkle-dataset\data\images1024x1024\10000\10303.png,C:\Users\student\ffhq-wrinkle-dataset\data\manual_wrinkle_masks\10303.png,"(1024, 1024)","(1024, 1024)",True,"[0, 255]",15241,1048576,0.014534950256347656
10307,C:\Users\student\ffhq-wrinkle-dataset\data\images1024x1024\10000\10307.png,C:\Users\student\ffhq-wrinkle-dataset\data\manual_wrinkle_masks\10307.png,"(1024, 1024)","(1024, 1024)",True,"[0, 255]",4199,1048576,0.004004478454589844
10309,C:\Users\student\ffhq-wrinkle-dataset\data\images1024x1024\10000\10309.png,C:\Users\student\ffhq-wrinkle-dataset\data\manual_wrinkle_masks\10309.png,"(1024, 1024)","(1024, 1024)",True,"[0, 255]",5342,1048576,0.0050945281982421875
10317,C:\Users\student\ffhq-wrinkle-dataset\data\images1024x1024\10000\10317.png,C:\Users\student\ffhq-wrinkle-dataset\data\manual_wrinkle_masks\10317.png,"(1024, 1024)","(1024, 1024)",True,"[0, 255]",5690,1048576,0.0054264068603515625
10318,C:\Users\student\ffhq-wrinkle-dataset\data\images1024x1024\10000\10318.png,C:\Users\student\ffhq-wrinkle-dataset\data\manual_wrinkle_masks\10318.png,"(1024, 1024)","(1024, 1024)",True,"[0, 255]",17052,1048576,0.016262054443359375
10323,C:\Users\student\ffhq-wrinkle-dataset\data\images1024x1024\10000\10323.png,C:\Users\student\ffhq-wrinkle-dataset\data\manual_wrinkle_masks\10323.png,"(1024, 1024)","(1024, 1024)",True,"[0, 255]",15919,1048576,0.015181541442871094
10326,C:\Users\student\ffhq-wrinkle-dataset\data\images1024x1024\10000\10326.png,C:\Users\student\ffhq-wrinkle-dataset\data\manual_wrinkle_masks\10326.png,"(1024, 1024)","(1024, 1024)",True,"[0, 255]",7787,1048576,0.007426261901855469
10329,C:\Users\student\ffhq-wrinkle-dataset\data\images1024x1024\10000\10329.png,C:\Users\student\ffhq-wrinkle-dataset\data\manual_wrinkle_masks\10329.png,"(1024, 1024)","(1024, 1024)",True,"[0, 255]",3241,1048576,0.0030908584594726562
10334,C:\Users\student\ffhq-wrinkle-dataset\data\images1024x1024\10000\10334.png,C:\Users\student\ffhq-wrinkle-dataset\data\manual_wrinkle_masks\10334.png,"(1024, 1024)","(1024, 1024)",True,"[0, 255]",10892,1048576,0.010387420654296875
10338,C:\Users\student\ffhq-wrinkle-dataset\data\images1024x1024\10000\10338.png,C:\Users\student\ffhq-wrinkle-dataset\data\manual_wrinkle_masks\10338.png,"(1024, 1024)","(1024, 1024)",True,"[0, 255]",3059,1048576,0.0029172897338867188
10341,C:\Users\student\ffhq-wrinkle-dataset\data\images1024x1024\10000\10341.png,C:\Users\student\ffhq-wrinkle-dataset\data\manual_wrinkle_masks\10341.png,"(1024, 1024)","(1024, 1024)",True,"[0, 255]",15943,1048576,0.015204429626464844
10353,C:\Users\student\ffhq-wrinkle-dataset\data\images1024x1024\10000\10353.png,C:\Users\student\ffhq-wrinkle-dataset\data\manual_wrinkle_masks\10353.png,"(1024, 1024)","(1024, 1024)",True,"[0, 255]",20607,1048576,0.019652366638183594
10360,C:\Users\student\ffhq-wrinkle-dataset\data\images1024x1024\10000\10360.png,C:\Users\student\ffhq-wrinkle-dataset\data\manual_wrinkle_masks\10360.png,"(1024, 1024)","(1024, 1024)",True,"[0, 255]",8986,1048576,0.008569717407226562
10376,C:\Users\student\ffhq-wrinkle-dataset\data\images1024x1024\10000\10376.png,C:\Users\student\ffhq-wrinkle-dataset\data\manual_wrinkle_masks\10376.png,"(1024, 1024)","(1024, 1024)",True,"[0, 255]",6954,1048576,0.0066318511962890625
10387,C:\Users\student\ffhq-wrinkle-dataset\data\images1024x1024\10000\10387.png,C:\Users\student\ffhq-wrinkle-dataset\data\manual_wrinkle_masks\10387.png,"(1024, 1024)","(1024, 1024)",True,"[0, 255]",7933,1048576,0.007565498352050781
10389,C:\Users\student\ffhq-wrinkle-dataset\data\images1024x1024\10000\10389.png,C:\Users\student\ffhq-wrinkle-dataset\data\manual_wrinkle_masks\10389.png,"(1024, 1024)","(1024, 1024)",True,"[0, 255]",7719,1048576,0.007361412048339844
10392,C:\Users\student\ffhq-wrinkle-dataset\data\images1024x1024\10000\10392.png,C:\Users\student\ffhq-wrinkle-dataset\data\manual_wrinkle_masks\10392.png,"(1024, 1024)","(1024, 1024)",True,"[0, 255]",25385,1048576,0.024209022521972656
10403,C:\Users\student\ffhq-wrinkle-dataset\data\images1024x1024\10000\10403.png,C:\Users\student\ffhq-wrinkle-dataset\data\manual_wrinkle_masks\10403.png,"(1024, 1024)","(1024, 1024)",True,"[0, 255]",10703,1048576,0.010207176208496094
10414,C:\Users\student\ffhq-wrinkle-dataset\data\images1024x1024\10000\10414.png,C:\Users\student\ffhq-wrinkle-dataset\data\manual_wrinkle_masks\10414.png,"(1024, 1024)","(1024, 1024)",True,"[0, 255]",12886,1048576,0.012289047241210938
10415,C:\Users\student\ffhq-wrinkle-dataset\data\images1024x1024\10000\10415.png,C:\Users\student\ffhq-wrinkle-dataset\data\manual_wrinkle_masks\10415.png,"(1024, 1024)","(1024, 1024)",True,"[0, 255]",16847,1048576,0.016066551208496094
10416,C:\Users\student\ffhq-wrinkle-dataset\data\images1024x1024\10000\10416.png,C:\Users\student\ffhq-wrinkle-dataset\data\manual_wrinkle_masks\10416.png,"(1024, 1024)","(1024, 1024)",True,"[0, 255]",18500,1048576,0.017642974853515625
10421,C:\Users\student\ffhq-wrinkle-dataset\data\images1024x1024\10000\10421.png,C:\Users\student\ffhq-wrinkle-dataset\data\manual_wrinkle_masks\10421.png,"(1024, 1024)","(1024, 1024)",True,"[0, 255]",19768,1048576,0.01885223388671875
10422,C:\Users\student\ffhq-wrinkle-dataset\data\images1024x1024\10000\10422.png,C:\Users\student\ffhq-wrinkle-dataset\data\manual_wrinkle_masks\10422.png,"(1024, 1024)","(1024, 1024)",True,"[0, 255]",12700,1048576,0.012111663818359375
21007,C:\Users\student\ffhq-wrinkle-dataset\data\images1024x1024\21000\21007.png,C:\Users\student\ffhq-wrinkle-dataset\data\manual_wrinkle_masks\21007.png,"(1024, 1024)","(1024, 1024)",True,"[0, 255]",11458,1048576,0.010927200317382812
21008,C:\Users\student\ffhq-wrinkle-dataset\data\images1024x1024\21000\21008.png,C:\Users\student\ffhq-wrinkle-dataset\data\manual_wrinkle_masks\21008.png,"(1024, 1024)","(1024, 1024)",True,"[0, 255]",30259,1048576,0.02885723114013672
21015,C:\Users\student\ffhq-wrinkle-dataset\data\images1024x1024\21000\21015.png,C:\Users\student\ffhq-wrinkle-dataset\data\manual_wrinkle_masks\21015.png,"(1024, 1024)","(1024, 1024)",True,"[0, 255]",8322,1048576,0.007936477661132812
21022,C:\Users\student\ffhq-wrinkle-dataset\data\images1024x1024\21000\21022.png,C:\Users\student\ffhq-wrinkle-dataset\data\manual_wrinkle_masks\21022.png,"(1024, 1024)","(1024, 1024)",True,"[0, 255]",2401,1048576,0.0022897720336914062
21024,C:\Users\student\ffhq-wrinkle-dataset\data\images1024x1024\21000\21024.png,C:\Users\student\ffhq-wrinkle-dataset\data\manual_wrinkle_masks\21024.png,"(1024, 1024)","(1024, 1024)",True,"[0, 255]",12612,1048576,0.012027740478515625
21026,C:\Users\student\ffhq-wrinkle-dataset\data\images1024x1024\21000\21026.png,C:\Users\student\ffhq-wrinkle-dataset\data\manual_wrinkle_masks\21026.png,"(1024, 1024)","(1024, 1024)",True,"[0, 255]",6032,1048576,0.0057525634765625
21030,C:\Users\student\ffhq-wrinkle-dataset\data\images1024x1024\21000\21030.png,C:\Users\student\ffhq-wrinkle-dataset\data\manual_wrinkle_masks\21030.png,"(1024, 1024)","(1024, 1024)",True,"[0, 255]",10350,1048576,0.009870529174804688
21032,C:\Users\student\ffhq-wrinkle-dataset\data\images1024x1024\21000\21032.png,C:\Users\student\ffhq-wrinkle-dataset\data\manual_wrinkle_masks\21032.png,"(1024, 1024)","(1024, 1024)",True,"[0, 255]",10752,1048576,0.01025390625
21033,C:\Users\student\ffhq-wrinkle-dataset\data\images1024x1024\21000\21033.png,C:\Users\student\ffhq-wrinkle-dataset\data\manual_wrinkle_masks\21033.png,"(1024, 1024)","(1024, 1024)",True,"[0, 255]",10241,1048576,0.009766578674316406
21035,C:\Users\student\ffhq-wrinkle-dataset\data\images1024x1024\21000\21035.png,C:\Users\student\ffhq-wrinkle-dataset\data\manual_wrinkle_masks\21035.png,"(1024, 1024)","(1024, 1024)",True,"[0, 255]",22857,1048576,0.021798133850097656
